,Id,Pred
0,2017_1112_1116,0.7310124654712955
1,2017_1112_1124,0.5415607788214748
2,2017_1112_1137,0.862107237487529
3,2017_1112_1139,0.5825511954725695
4,2017_1112_1153,0.6607213206897565
5,2017_1112_1166,0.6607213206897565
6,2017_1112_1173,0.6970180120800978
7,2017_1112_1181,0.5
8,2017_1112_1190,0.862107237487529
9,2017_1112_1195,0.8807478216764935
10,2017_1112_1196,0.5825511954725695
11,2017_1112_1199,0.5415607788214748
12,2017_1112_1211,0.4584392211785253
13,2017_1112_1233,0.8807478216764935
14,2017_1112_1235,0.6224317735360779
15,2017_1112_1240,0.89716910520253
16,2017_1112_1242,0.4584392211785253
17,2017_1112_1243,0.8175220021939025
18,2017_1112_1245,0.8807478216764935
19,2017_1112_1246,0.5
20,2017_1112_1257,0.5
21,2017_1112_1266,0.7913398437353962
22,2017_1112_1268,0.6607213206897565
23,2017_1112_1274,0.7310124654712955
24,2017_1112_1276,0.6970180120800978
25,2017_1112_1277,0.7624924243482772
26,2017_1112_1278,0.6224317735360779
27,2017_1112_1291,0.9115562144014271
28,2017_1112_1292,0.8410786553610982
29,2017_1112_1297,0.89716910520253
30,2017_1112_1300,0.9115562144014271
31,2017_1112_1305,0.8410786553610982
32,2017_1112_1308,0.8807478216764935
33,2017_1112_1309,0.9115562144014271
34,2017_1112_1314,0.4584392211785253
35,2017_1112_1315,0.89716910520253
36,2017_1112_1321,0.7310124654712955
37,2017_1112_1323,0.6224317735360779
38,2017_1112_1329,0.7913398437353962
39,2017_1112_1332,0.5415607788214748
40,2017_1112_1343,0.8410786553610982
41,2017_1112_1344,0.8175220021939025
42,2017_1112_1345,0.5825511954725695
43,2017_1112_1348,0.8175220021939025
44,2017_1112_1355,0.9115562144014271
45,2017_1112_1371,0.7624924243482772
46,2017_1112_1374,0.6607213206897565
47,2017_1112_1376,0.6970180120800978
48,2017_1112_1388,0.6970180120800978
49,2017_1112_1407,0.89716910520253
50,2017_1112_1411,0.9115562144014271
51,2017_1112_1413,0.9115562144014271
52,2017_1112_1417,0.5415607788214748
53,2017_1112_1423,0.8410786553610982
54,2017_1112_1425,0.8175220021939025
55,2017_1112_1433,0.7913398437353962
56,2017_1112_1435,0.7624924243482772
57,2017_1112_1436,0.862107237487529
58,2017_1112_1437,0.4584392211785253
59,2017_1112_1438,0.6224317735360779
60,2017_1112_1439,0.7624924243482772
61,2017_1112_1448,0.8175220021939025
62,2017_1112_1452,0.5825511954725695
63,2017_1112_1455,0.7913398437353962
64,2017_1112_1457,0.862107237487529
65,2017_1112_1458,0.7310124654712955
66,2017_1112_1462,0.8175220021939025
67,2017_1116_1124,0.3029819879199023
68,2017_1116_1137,0.6970180120800978
69,2017_1116_1139,0.33927867931024347
70,2017_1116_1153,0.41744880452743055
71,2017_1116_1166,0.41744880452743055
72,2017_1116_1173,0.4584392211785253
73,2017_1116_1181,0.2689875345287045
74,2017_1116_1190,0.6970180120800978
75,2017_1116_1195,0.7310124654712955
76,2017_1116_1196,0.33927867931024347
77,2017_1116_1199,0.3029819879199023
78,2017_1116_1211,0.23750757565172284
79,2017_1116_1233,0.7310124654712955
80,2017_1116_1235,0.3775682264639222
81,2017_1116_1240,0.7624924243482772
82,2017_1116_1242,0.23750757565172284
83,2017_1116_1243,0.6224317735360779
84,2017_1116_1245,0.7310124654712955
85,2017_1116_1246,0.2689875345287045
86,2017_1116_1257,0.2689875345287045
87,2017_1116_1266,0.5825511954725695
88,2017_1116_1268,0.41744880452743055
89,2017_1116_1274,0.5
90,2017_1116_1276,0.4584392211785253
91,2017_1116_1277,0.5415607788214748
92,2017_1116_1278,0.3775682264639222
93,2017_1116_1291,0.7913398437353962
94,2017_1116_1292,0.6607213206897565
95,2017_1116_1297,0.7624924243482772
96,2017_1116_1300,0.7913398437353962
97,2017_1116_1305,0.6607213206897565
98,2017_1116_1308,0.7310124654712955
99,2017_1116_1309,0.7913398437353962
100,2017_1116_1314,0.23750757565172284
101,2017_1116_1315,0.7624924243482772
102,2017_1116_1321,0.5
103,2017_1116_1323,0.3775682264639222
104,2017_1116_1329,0.5825511954725695
105,2017_1116_1332,0.3029819879199023
106,2017_1116_1343,0.6607213206897565
107,2017_1116_1344,0.6224317735360779
108,2017_1116_1345,0.33927867931024347
109,2017_1116_1348,0.6224317735360779
110,2017_1116_1355,0.7913398437353962
111,2017_1116_1371,0.5415607788214748
112,2017_1116_1374,0.41744880452743055
113,2017_1116_1376,0.4584392211785253
114,2017_1116_1388,0.4584392211785253
115,2017_1116_1407,0.7624924243482772
116,2017_1116_1411,0.7913398437353962
117,2017_1116_1413,0.7913398437353962
118,2017_1116_1417,0.3029819879199023
119,2017_1116_1423,0.6607213206897565
120,2017_1116_1425,0.6224317735360779
121,2017_1116_1433,0.5825511954725695
122,2017_1116_1435,0.5415607788214748
123,2017_1116_1436,0.6970180120800978
124,2017_1116_1437,0.23750757565172284
125,2017_1116_1438,0.3775682264639222
126,2017_1116_1439,0.5415607788214748
127,2017_1116_1448,0.6224317735360779
128,2017_1116_1452,0.33927867931024347
129,2017_1116_1455,0.5825511954725695
130,2017_1116_1457,0.6970180120800978
131,2017_1116_1458,0.5
132,2017_1116_1462,0.6224317735360779
133,2017_1124_1137,0.8410786553610982
134,2017_1124_1139,0.5415607788214748
135,2017_1124_1153,0.6224317735360779
136,2017_1124_1166,0.6224317735360779
137,2017_1124_1173,0.6607213206897565
138,2017_1124_1181,0.4584392211785253
139,2017_1124_1190,0.8410786553610982
140,2017_1124_1195,0.862107237487529
141,2017_1124_1196,0.5415607788214748
142,2017_1124_1199,0.5
143,2017_1124_1211,0.41744880452743055
144,2017_1124_1233,0.862107237487529
145,2017_1124_1235,0.5825511954725695
146,2017_1124_1240,0.8807478216764935
147,2017_1124_1242,0.41744880452743055
148,2017_1124_1243,0.7913398437353962
149,2017_1124_1245,0.862107237487529
150,2017_1124_1246,0.4584392211785253
151,2017_1124_1257,0.4584392211785253
152,2017_1124_1266,0.7624924243482772
153,2017_1124_1268,0.6224317735360779
154,2017_1124_1274,0.6970180120800978
155,2017_1124_1276,0.6607213206897565
156,2017_1124_1277,0.7310124654712955
157,2017_1124_1278,0.5825511954725695
158,2017_1124_1291,0.89716910520253
159,2017_1124_1292,0.8175220021939025
160,2017_1124_1297,0.8807478216764935
161,2017_1124_1300,0.89716910520253
162,2017_1124_1305,0.8175220021939025
163,2017_1124_1308,0.862107237487529
164,2017_1124_1309,0.89716910520253
165,2017_1124_1314,0.41744880452743055
166,2017_1124_1315,0.8807478216764935
167,2017_1124_1321,0.6970180120800978
168,2017_1124_1323,0.5825511954725695
169,2017_1124_1329,0.7624924243482772
170,2017_1124_1332,0.5
171,2017_1124_1343,0.8175220021939025
172,2017_1124_1344,0.7913398437353962
173,2017_1124_1345,0.5415607788214748
174,2017_1124_1348,0.7913398437353962
175,2017_1124_1355,0.89716910520253
176,2017_1124_1371,0.7310124654712955
177,2017_1124_1374,0.6224317735360779
178,2017_1124_1376,0.6607213206897565
179,2017_1124_1388,0.6607213206897565
180,2017_1124_1407,0.8807478216764935
181,2017_1124_1411,0.89716910520253
182,2017_1124_1413,0.89716910520253
183,2017_1124_1417,0.5
184,2017_1124_1423,0.8175220021939025
185,2017_1124_1425,0.7913398437353962
186,2017_1124_1433,0.7624924243482772
187,2017_1124_1435,0.7310124654712955
188,2017_1124_1436,0.8410786553610982
189,2017_1124_1437,0.41744880452743055
190,2017_1124_1438,0.5825511954725695
191,2017_1124_1439,0.7310124654712955
192,2017_1124_1448,0.7913398437353962
193,2017_1124_1452,0.5415607788214748
194,2017_1124_1455,0.7624924243482772
195,2017_1124_1457,0.8410786553610982
196,2017_1124_1458,0.6970180120800978
197,2017_1124_1462,0.7913398437353962
198,2017_1137_1139,0.1824779978060976
199,2017_1137_1153,0.23750757565172284
200,2017_1137_1166,0.23750757565172284
201,2017_1137_1173,0.2689875345287045
202,2017_1137_1181,0.13789276251247098
203,2017_1137_1190,0.5
204,2017_1137_1195,0.5415607788214748
205,2017_1137_1196,0.1824779978060976
206,2017_1137_1199,0.15892134463890192
207,2017_1137_1211,0.11925217832350651
208,2017_1137_1233,0.5415607788214748
209,2017_1137_1235,0.20866015626460388
210,2017_1137_1240,0.5825511954725695
211,2017_1137_1242,0.11925217832350651
212,2017_1137_1243,0.41744880452743055
213,2017_1137_1245,0.5415607788214748
214,2017_1137_1246,0.13789276251247098
215,2017_1137_1257,0.13789276251247098
216,2017_1137_1266,0.3775682264639222
217,2017_1137_1268,0.23750757565172284
218,2017_1137_1274,0.3029819879199023
219,2017_1137_1276,0.2689875345287045
220,2017_1137_1277,0.33927867931024347
221,2017_1137_1278,0.20866015626460388
222,2017_1137_1291,0.6224317735360779
223,2017_1137_1292,0.4584392211785253
224,2017_1137_1297,0.5825511954725695
225,2017_1137_1300,0.6224317735360779
226,2017_1137_1305,0.4584392211785253
227,2017_1137_1308,0.5415607788214748
228,2017_1137_1309,0.6224317735360779
229,2017_1137_1314,0.11925217832350651
230,2017_1137_1315,0.5825511954725695
231,2017_1137_1321,0.3029819879199023
232,2017_1137_1323,0.20866015626460388
233,2017_1137_1329,0.3775682264639222
234,2017_1137_1332,0.15892134463890192
235,2017_1137_1343,0.4584392211785253
236,2017_1137_1344,0.41744880452743055
237,2017_1137_1345,0.1824779978060976
238,2017_1137_1348,0.41744880452743055
239,2017_1137_1355,0.6224317735360779
240,2017_1137_1371,0.33927867931024347
241,2017_1137_1374,0.23750757565172284
242,2017_1137_1376,0.2689875345287045
243,2017_1137_1388,0.2689875345287045
244,2017_1137_1407,0.5825511954725695
245,2017_1137_1411,0.6224317735360779
246,2017_1137_1413,0.6224317735360779
247,2017_1137_1417,0.15892134463890192
248,2017_1137_1423,0.4584392211785253
249,2017_1137_1425,0.41744880452743055
250,2017_1137_1433,0.3775682264639222
251,2017_1137_1435,0.33927867931024347
252,2017_1137_1436,0.5
253,2017_1137_1437,0.11925217832350651
254,2017_1137_1438,0.20866015626460388
255,2017_1137_1439,0.33927867931024347
256,2017_1137_1448,0.41744880452743055
257,2017_1137_1452,0.1824779978060976
258,2017_1137_1455,0.3775682264639222
259,2017_1137_1457,0.5
260,2017_1137_1458,0.3029819879199023
261,2017_1137_1462,0.41744880452743055
262,2017_1139_1153,0.5825511954725695
263,2017_1139_1166,0.5825511954725695
264,2017_1139_1173,0.6224317735360779
265,2017_1139_1181,0.41744880452743055
266,2017_1139_1190,0.8175220021939025
267,2017_1139_1195,0.8410786553610982
268,2017_1139_1196,0.5
269,2017_1139_1199,0.4584392211785253
270,2017_1139_1211,0.3775682264639222
271,2017_1139_1233,0.8410786553610982
272,2017_1139_1235,0.5415607788214748
273,2017_1139_1240,0.862107237487529
274,2017_1139_1242,0.3775682264639222
275,2017_1139_1243,0.7624924243482772
276,2017_1139_1245,0.8410786553610982
277,2017_1139_1246,0.41744880452743055
278,2017_1139_1257,0.41744880452743055
279,2017_1139_1266,0.7310124654712955
280,2017_1139_1268,0.5825511954725695
281,2017_1139_1274,0.6607213206897565
282,2017_1139_1276,0.6224317735360779
283,2017_1139_1277,0.6970180120800978
284,2017_1139_1278,0.5415607788214748
285,2017_1139_1291,0.8807478216764935
286,2017_1139_1292,0.7913398437353962
287,2017_1139_1297,0.862107237487529
288,2017_1139_1300,0.8807478216764935
289,2017_1139_1305,0.7913398437353962
290,2017_1139_1308,0.8410786553610982
291,2017_1139_1309,0.8807478216764935
292,2017_1139_1314,0.3775682264639222
293,2017_1139_1315,0.862107237487529
294,2017_1139_1321,0.6607213206897565
295,2017_1139_1323,0.5415607788214748
296,2017_1139_1329,0.7310124654712955
297,2017_1139_1332,0.4584392211785253
298,2017_1139_1343,0.7913398437353962
299,2017_1139_1344,0.7624924243482772
300,2017_1139_1345,0.5
301,2017_1139_1348,0.7624924243482772
302,2017_1139_1355,0.8807478216764935
303,2017_1139_1371,0.6970180120800978
304,2017_1139_1374,0.5825511954725695
305,2017_1139_1376,0.6224317735360779
306,2017_1139_1388,0.6224317735360779
307,2017_1139_1407,0.862107237487529
308,2017_1139_1411,0.8807478216764935
309,2017_1139_1413,0.8807478216764935
310,2017_1139_1417,0.4584392211785253
311,2017_1139_1423,0.7913398437353962
312,2017_1139_1425,0.7624924243482772
313,2017_1139_1433,0.7310124654712955
314,2017_1139_1435,0.6970180120800978
315,2017_1139_1436,0.8175220021939025
316,2017_1139_1437,0.3775682264639222
317,2017_1139_1438,0.5415607788214748
318,2017_1139_1439,0.6970180120800978
319,2017_1139_1448,0.7624924243482772
320,2017_1139_1452,0.5
321,2017_1139_1455,0.7310124654712955
322,2017_1139_1457,0.8175220021939025
323,2017_1139_1458,0.6607213206897565
324,2017_1139_1462,0.7624924243482772
325,2017_1153_1166,0.5
326,2017_1153_1173,0.5415607788214748
327,2017_1153_1181,0.33927867931024347
328,2017_1153_1190,0.7624924243482772
329,2017_1153_1195,0.7913398437353962
330,2017_1153_1196,0.41744880452743055
331,2017_1153_1199,0.3775682264639222
332,2017_1153_1211,0.3029819879199023
333,2017_1153_1233,0.7913398437353962
334,2017_1153_1235,0.4584392211785253
335,2017_1153_1240,0.8175220021939025
336,2017_1153_1242,0.3029819879199023
337,2017_1153_1243,0.6970180120800978
338,2017_1153_1245,0.7913398437353962
339,2017_1153_1246,0.33927867931024347
340,2017_1153_1257,0.33927867931024347
341,2017_1153_1266,0.6607213206897565
342,2017_1153_1268,0.5
343,2017_1153_1274,0.5825511954725695
344,2017_1153_1276,0.5415607788214748
345,2017_1153_1277,0.6224317735360779
346,2017_1153_1278,0.4584392211785253
347,2017_1153_1291,0.8410786553610982
348,2017_1153_1292,0.7310124654712955
349,2017_1153_1297,0.8175220021939025
350,2017_1153_1300,0.8410786553610982
351,2017_1153_1305,0.7310124654712955
352,2017_1153_1308,0.7913398437353962
353,2017_1153_1309,0.8410786553610982
354,2017_1153_1314,0.3029819879199023
355,2017_1153_1315,0.8175220021939025
356,2017_1153_1321,0.5825511954725695
357,2017_1153_1323,0.4584392211785253
358,2017_1153_1329,0.6607213206897565
359,2017_1153_1332,0.3775682264639222
360,2017_1153_1343,0.7310124654712955
361,2017_1153_1344,0.6970180120800978
362,2017_1153_1345,0.41744880452743055
363,2017_1153_1348,0.6970180120800978
364,2017_1153_1355,0.8410786553610982
365,2017_1153_1371,0.6224317735360779
366,2017_1153_1374,0.5
367,2017_1153_1376,0.5415607788214748
368,2017_1153_1388,0.5415607788214748
369,2017_1153_1407,0.8175220021939025
370,2017_1153_1411,0.8410786553610982
371,2017_1153_1413,0.8410786553610982
372,2017_1153_1417,0.3775682264639222
373,2017_1153_1423,0.7310124654712955
374,2017_1153_1425,0.6970180120800978
375,2017_1153_1433,0.6607213206897565
376,2017_1153_1435,0.6224317735360779
377,2017_1153_1436,0.7624924243482772
378,2017_1153_1437,0.3029819879199023
379,2017_1153_1438,0.4584392211785253
380,2017_1153_1439,0.6224317735360779
381,2017_1153_1448,0.6970180120800978
382,2017_1153_1452,0.41744880452743055
383,2017_1153_1455,0.6607213206897565
384,2017_1153_1457,0.7624924243482772
385,2017_1153_1458,0.5825511954725695
386,2017_1153_1462,0.6970180120800978
387,2017_1166_1173,0.5415607788214748
388,2017_1166_1181,0.33927867931024347
389,2017_1166_1190,0.7624924243482772
390,2017_1166_1195,0.7913398437353962
391,2017_1166_1196,0.41744880452743055
392,2017_1166_1199,0.3775682264639222
393,2017_1166_1211,0.3029819879199023
394,2017_1166_1233,0.7913398437353962
395,2017_1166_1235,0.4584392211785253
396,2017_1166_1240,0.8175220021939025
397,2017_1166_1242,0.3029819879199023
398,2017_1166_1243,0.6970180120800978
399,2017_1166_1245,0.7913398437353962
400,2017_1166_1246,0.33927867931024347
401,2017_1166_1257,0.33927867931024347
402,2017_1166_1266,0.6607213206897565
403,2017_1166_1268,0.5
404,2017_1166_1274,0.5825511954725695
405,2017_1166_1276,0.5415607788214748
406,2017_1166_1277,0.6224317735360779
407,2017_1166_1278,0.4584392211785253
408,2017_1166_1291,0.8410786553610982
409,2017_1166_1292,0.7310124654712955
410,2017_1166_1297,0.8175220021939025
411,2017_1166_1300,0.8410786553610982
412,2017_1166_1305,0.7310124654712955
413,2017_1166_1308,0.7913398437353962
414,2017_1166_1309,0.8410786553610982
415,2017_1166_1314,0.3029819879199023
416,2017_1166_1315,0.8175220021939025
417,2017_1166_1321,0.5825511954725695
418,2017_1166_1323,0.4584392211785253
419,2017_1166_1329,0.6607213206897565
420,2017_1166_1332,0.3775682264639222
421,2017_1166_1343,0.7310124654712955
422,2017_1166_1344,0.6970180120800978
423,2017_1166_1345,0.41744880452743055
424,2017_1166_1348,0.6970180120800978
425,2017_1166_1355,0.8410786553610982
426,2017_1166_1371,0.6224317735360779
427,2017_1166_1374,0.5
428,2017_1166_1376,0.5415607788214748
429,2017_1166_1388,0.5415607788214748
430,2017_1166_1407,0.8175220021939025
431,2017_1166_1411,0.8410786553610982
432,2017_1166_1413,0.8410786553610982
433,2017_1166_1417,0.3775682264639222
434,2017_1166_1423,0.7310124654712955
435,2017_1166_1425,0.6970180120800978
436,2017_1166_1433,0.6607213206897565
437,2017_1166_1435,0.6224317735360779
438,2017_1166_1436,0.7624924243482772
439,2017_1166_1437,0.3029819879199023
440,2017_1166_1438,0.4584392211785253
441,2017_1166_1439,0.6224317735360779
442,2017_1166_1448,0.6970180120800978
443,2017_1166_1452,0.41744880452743055
444,2017_1166_1455,0.6607213206897565
445,2017_1166_1457,0.7624924243482772
446,2017_1166_1458,0.5825511954725695
447,2017_1166_1462,0.6970180120800978
448,2017_1173_1181,0.3029819879199023
449,2017_1173_1190,0.7310124654712955
450,2017_1173_1195,0.7624924243482772
451,2017_1173_1196,0.3775682264639222
452,2017_1173_1199,0.33927867931024347
453,2017_1173_1211,0.2689875345287045
454,2017_1173_1233,0.7624924243482772
455,2017_1173_1235,0.41744880452743055
456,2017_1173_1240,0.7913398437353962
457,2017_1173_1242,0.2689875345287045
458,2017_1173_1243,0.6607213206897565
459,2017_1173_1245,0.7624924243482772
460,2017_1173_1246,0.3029819879199023
461,2017_1173_1257,0.3029819879199023
462,2017_1173_1266,0.6224317735360779
463,2017_1173_1268,0.4584392211785253
464,2017_1173_1274,0.5415607788214748
465,2017_1173_1276,0.5
466,2017_1173_1277,0.5825511954725695
467,2017_1173_1278,0.41744880452743055
468,2017_1173_1291,0.8175220021939025
469,2017_1173_1292,0.6970180120800978
470,2017_1173_1297,0.7913398437353962
471,2017_1173_1300,0.8175220021939025
472,2017_1173_1305,0.6970180120800978
473,2017_1173_1308,0.7624924243482772
474,2017_1173_1309,0.8175220021939025
475,2017_1173_1314,0.2689875345287045
476,2017_1173_1315,0.7913398437353962
477,2017_1173_1321,0.5415607788214748
478,2017_1173_1323,0.41744880452743055
479,2017_1173_1329,0.6224317735360779
480,2017_1173_1332,0.33927867931024347
481,2017_1173_1343,0.6970180120800978
482,2017_1173_1344,0.6607213206897565
483,2017_1173_1345,0.3775682264639222
484,2017_1173_1348,0.6607213206897565
485,2017_1173_1355,0.8175220021939025
486,2017_1173_1371,0.5825511954725695
487,2017_1173_1374,0.4584392211785253
488,2017_1173_1376,0.5
489,2017_1173_1388,0.5
490,2017_1173_1407,0.7913398437353962
491,2017_1173_1411,0.8175220021939025
492,2017_1173_1413,0.8175220021939025
493,2017_1173_1417,0.33927867931024347
494,2017_1173_1423,0.6970180120800978
495,2017_1173_1425,0.6607213206897565
496,2017_1173_1433,0.6224317735360779
497,2017_1173_1435,0.5825511954725695
498,2017_1173_1436,0.7310124654712955
499,2017_1173_1437,0.2689875345287045
500,2017_1173_1438,0.41744880452743055
501,2017_1173_1439,0.5825511954725695
502,2017_1173_1448,0.6607213206897565
503,2017_1173_1452,0.3775682264639222
504,2017_1173_1455,0.6224317735360779
505,2017_1173_1457,0.7310124654712955
506,2017_1173_1458,0.5415607788214748
507,2017_1173_1462,0.6607213206897565
508,2017_1181_1190,0.862107237487529
509,2017_1181_1195,0.8807478216764935
510,2017_1181_1196,0.5825511954725695
511,2017_1181_1199,0.5415607788214748
512,2017_1181_1211,0.4584392211785253
513,2017_1181_1233,0.8807478216764935
514,2017_1181_1235,0.6224317735360779
515,2017_1181_1240,0.89716910520253
516,2017_1181_1242,0.4584392211785253
517,2017_1181_1243,0.8175220021939025
518,2017_1181_1245,0.8807478216764935
519,2017_1181_1246,0.5
520,2017_1181_1257,0.5
521,2017_1181_1266,0.7913398437353962
522,2017_1181_1268,0.6607213206897565
523,2017_1181_1274,0.7310124654712955
524,2017_1181_1276,0.6970180120800978
525,2017_1181_1277,0.7624924243482772
526,2017_1181_1278,0.6224317735360779
527,2017_1181_1291,0.9115562144014271
528,2017_1181_1292,0.8410786553610982
529,2017_1181_1297,0.89716910520253
530,2017_1181_1300,0.9115562144014271
531,2017_1181_1305,0.8410786553610982
532,2017_1181_1308,0.8807478216764935
533,2017_1181_1309,0.9115562144014271
534,2017_1181_1314,0.4584392211785253
535,2017_1181_1315,0.89716910520253
536,2017_1181_1321,0.7310124654712955
537,2017_1181_1323,0.6224317735360779
538,2017_1181_1329,0.7913398437353962
539,2017_1181_1332,0.5415607788214748
540,2017_1181_1343,0.8410786553610982
541,2017_1181_1344,0.8175220021939025
542,2017_1181_1345,0.5825511954725695
543,2017_1181_1348,0.8175220021939025
544,2017_1181_1355,0.9115562144014271
545,2017_1181_1371,0.7624924243482772
546,2017_1181_1374,0.6607213206897565
547,2017_1181_1376,0.6970180120800978
548,2017_1181_1388,0.6970180120800978
549,2017_1181_1407,0.89716910520253
550,2017_1181_1411,0.9115562144014271
551,2017_1181_1413,0.9115562144014271
552,2017_1181_1417,0.5415607788214748
553,2017_1181_1423,0.8410786553610982
554,2017_1181_1425,0.8175220021939025
555,2017_1181_1433,0.7913398437353962
556,2017_1181_1435,0.7624924243482772
557,2017_1181_1436,0.862107237487529
558,2017_1181_1437,0.4584392211785253
559,2017_1181_1438,0.6224317735360779
560,2017_1181_1439,0.7624924243482772
561,2017_1181_1448,0.8175220021939025
562,2017_1181_1452,0.5825511954725695
563,2017_1181_1455,0.7913398437353962
564,2017_1181_1457,0.862107237487529
565,2017_1181_1458,0.7310124654712955
566,2017_1181_1462,0.8175220021939025
567,2017_1190_1195,0.5415607788214748
568,2017_1190_1196,0.1824779978060976
569,2017_1190_1199,0.15892134463890192
570,2017_1190_1211,0.11925217832350651
571,2017_1190_1233,0.5415607788214748
572,2017_1190_1235,0.20866015626460388
573,2017_1190_1240,0.5825511954725695
574,2017_1190_1242,0.11925217832350651
575,2017_1190_1243,0.41744880452743055
576,2017_1190_1245,0.5415607788214748
577,2017_1190_1246,0.13789276251247098
578,2017_1190_1257,0.13789276251247098
579,2017_1190_1266,0.3775682264639222
580,2017_1190_1268,0.23750757565172284
581,2017_1190_1274,0.3029819879199023
582,2017_1190_1276,0.2689875345287045
583,2017_1190_1277,0.33927867931024347
584,2017_1190_1278,0.20866015626460388
585,2017_1190_1291,0.6224317735360779
586,2017_1190_1292,0.4584392211785253
587,2017_1190_1297,0.5825511954725695
588,2017_1190_1300,0.6224317735360779
589,2017_1190_1305,0.4584392211785253
590,2017_1190_1308,0.5415607788214748
591,2017_1190_1309,0.6224317735360779
592,2017_1190_1314,0.11925217832350651
593,2017_1190_1315,0.5825511954725695
594,2017_1190_1321,0.3029819879199023
595,2017_1190_1323,0.20866015626460388
596,2017_1190_1329,0.3775682264639222
597,2017_1190_1332,0.15892134463890192
598,2017_1190_1343,0.4584392211785253
599,2017_1190_1344,0.41744880452743055
600,2017_1190_1345,0.1824779978060976
601,2017_1190_1348,0.41744880452743055
602,2017_1190_1355,0.6224317735360779
603,2017_1190_1371,0.33927867931024347
604,2017_1190_1374,0.23750757565172284
605,2017_1190_1376,0.2689875345287045
606,2017_1190_1388,0.2689875345287045
607,2017_1190_1407,0.5825511954725695
608,2017_1190_1411,0.6224317735360779
609,2017_1190_1413,0.6224317735360779
610,2017_1190_1417,0.15892134463890192
611,2017_1190_1423,0.4584392211785253
612,2017_1190_1425,0.41744880452743055
613,2017_1190_1433,0.3775682264639222
614,2017_1190_1435,0.33927867931024347
615,2017_1190_1436,0.5
616,2017_1190_1437,0.11925217832350651
617,2017_1190_1438,0.20866015626460388
618,2017_1190_1439,0.33927867931024347
619,2017_1190_1448,0.41744880452743055
620,2017_1190_1452,0.1824779978060976
621,2017_1190_1455,0.3775682264639222
622,2017_1190_1457,0.5
623,2017_1190_1458,0.3029819879199023
624,2017_1190_1462,0.41744880452743055
625,2017_1195_1196,0.15892134463890192
626,2017_1195_1199,0.13789276251247098
627,2017_1195_1211,0.10283089479747004
628,2017_1195_1233,0.5
629,2017_1195_1235,0.1824779978060976
630,2017_1195_1240,0.5415607788214748
631,2017_1195_1242,0.10283089479747004
632,2017_1195_1243,0.3775682264639222
633,2017_1195_1245,0.5
634,2017_1195_1246,0.11925217832350651
635,2017_1195_1257,0.11925217832350651
636,2017_1195_1266,0.33927867931024347
637,2017_1195_1268,0.20866015626460388
638,2017_1195_1274,0.2689875345287045
639,2017_1195_1276,0.23750757565172284
640,2017_1195_1277,0.3029819879199023
641,2017_1195_1278,0.1824779978060976
642,2017_1195_1291,0.5825511954725695
643,2017_1195_1292,0.41744880452743055
644,2017_1195_1297,0.5415607788214748
645,2017_1195_1300,0.5825511954725695
646,2017_1195_1305,0.41744880452743055
647,2017_1195_1308,0.5
648,2017_1195_1309,0.5825511954725695
649,2017_1195_1314,0.10283089479747004
650,2017_1195_1315,0.5415607788214748
651,2017_1195_1321,0.2689875345287045
652,2017_1195_1323,0.1824779978060976
653,2017_1195_1329,0.33927867931024347
654,2017_1195_1332,0.13789276251247098
655,2017_1195_1343,0.41744880452743055
656,2017_1195_1344,0.3775682264639222
657,2017_1195_1345,0.15892134463890192
658,2017_1195_1348,0.3775682264639222
659,2017_1195_1355,0.5825511954725695
660,2017_1195_1371,0.3029819879199023
661,2017_1195_1374,0.20866015626460388
662,2017_1195_1376,0.23750757565172284
663,2017_1195_1388,0.23750757565172284
664,2017_1195_1407,0.5415607788214748
665,2017_1195_1411,0.5825511954725695
666,2017_1195_1413,0.5825511954725695
667,2017_1195_1417,0.13789276251247098
668,2017_1195_1423,0.41744880452743055
669,2017_1195_1425,0.3775682264639222
670,2017_1195_1433,0.33927867931024347
671,2017_1195_1435,0.3029819879199023
672,2017_1195_1436,0.4584392211785253
673,2017_1195_1437,0.10283089479747004
674,2017_1195_1438,0.1824779978060976
675,2017_1195_1439,0.3029819879199023
676,2017_1195_1448,0.3775682264639222
677,2017_1195_1452,0.15892134463890192
678,2017_1195_1455,0.33927867931024347
679,2017_1195_1457,0.4584392211785253
680,2017_1195_1458,0.2689875345287045
681,2017_1195_1462,0.3775682264639222
682,2017_1196_1199,0.4584392211785253
683,2017_1196_1211,0.3775682264639222
684,2017_1196_1233,0.8410786553610982
685,2017_1196_1235,0.5415607788214748
686,2017_1196_1240,0.862107237487529
687,2017_1196_1242,0.3775682264639222
688,2017_1196_1243,0.7624924243482772
689,2017_1196_1245,0.8410786553610982
690,2017_1196_1246,0.41744880452743055
691,2017_1196_1257,0.41744880452743055
692,2017_1196_1266,0.7310124654712955
693,2017_1196_1268,0.5825511954725695
694,2017_1196_1274,0.6607213206897565
695,2017_1196_1276,0.6224317735360779
696,2017_1196_1277,0.6970180120800978
697,2017_1196_1278,0.5415607788214748
698,2017_1196_1291,0.8807478216764935
699,2017_1196_1292,0.7913398437353962
700,2017_1196_1297,0.862107237487529
701,2017_1196_1300,0.8807478216764935
702,2017_1196_1305,0.7913398437353962
703,2017_1196_1308,0.8410786553610982
704,2017_1196_1309,0.8807478216764935
705,2017_1196_1314,0.3775682264639222
706,2017_1196_1315,0.862107237487529
707,2017_1196_1321,0.6607213206897565
708,2017_1196_1323,0.5415607788214748
709,2017_1196_1329,0.7310124654712955
710,2017_1196_1332,0.4584392211785253
711,2017_1196_1343,0.7913398437353962
712,2017_1196_1344,0.7624924243482772
713,2017_1196_1345,0.5
714,2017_1196_1348,0.7624924243482772
715,2017_1196_1355,0.8807478216764935
716,2017_1196_1371,0.6970180120800978
717,2017_1196_1374,0.5825511954725695
718,2017_1196_1376,0.6224317735360779
719,2017_1196_1388,0.6224317735360779
720,2017_1196_1407,0.862107237487529
721,2017_1196_1411,0.8807478216764935
722,2017_1196_1413,0.8807478216764935
723,2017_1196_1417,0.4584392211785253
724,2017_1196_1423,0.7913398437353962
725,2017_1196_1425,0.7624924243482772
726,2017_1196_1433,0.7310124654712955
727,2017_1196_1435,0.6970180120800978
728,2017_1196_1436,0.8175220021939025
729,2017_1196_1437,0.3775682264639222
730,2017_1196_1438,0.5415607788214748
731,2017_1196_1439,0.6970180120800978
732,2017_1196_1448,0.7624924243482772
733,2017_1196_1452,0.5
734,2017_1196_1455,0.7310124654712955
735,2017_1196_1457,0.8175220021939025
736,2017_1196_1458,0.6607213206897565
737,2017_1196_1462,0.7624924243482772
738,2017_1199_1211,0.41744880452743055
739,2017_1199_1233,0.862107237487529
740,2017_1199_1235,0.5825511954725695
741,2017_1199_1240,0.8807478216764935
742,2017_1199_1242,0.41744880452743055
743,2017_1199_1243,0.7913398437353962
744,2017_1199_1245,0.862107237487529
745,2017_1199_1246,0.4584392211785253
746,2017_1199_1257,0.4584392211785253
747,2017_1199_1266,0.7624924243482772
748,2017_1199_1268,0.6224317735360779
749,2017_1199_1274,0.6970180120800978
750,2017_1199_1276,0.6607213206897565
751,2017_1199_1277,0.7310124654712955
752,2017_1199_1278,0.5825511954725695
753,2017_1199_1291,0.89716910520253
754,2017_1199_1292,0.8175220021939025
755,2017_1199_1297,0.8807478216764935
756,2017_1199_1300,0.89716910520253
757,2017_1199_1305,0.8175220021939025
758,2017_1199_1308,0.862107237487529
759,2017_1199_1309,0.89716910520253
760,2017_1199_1314,0.41744880452743055
761,2017_1199_1315,0.8807478216764935
762,2017_1199_1321,0.6970180120800978
763,2017_1199_1323,0.5825511954725695
764,2017_1199_1329,0.7624924243482772
765,2017_1199_1332,0.5
766,2017_1199_1343,0.8175220021939025
767,2017_1199_1344,0.7913398437353962
768,2017_1199_1345,0.5415607788214748
769,2017_1199_1348,0.7913398437353962
770,2017_1199_1355,0.89716910520253
771,2017_1199_1371,0.7310124654712955
772,2017_1199_1374,0.6224317735360779
773,2017_1199_1376,0.6607213206897565
774,2017_1199_1388,0.6607213206897565
775,2017_1199_1407,0.8807478216764935
776,2017_1199_1411,0.89716910520253
777,2017_1199_1413,0.89716910520253
778,2017_1199_1417,0.5
779,2017_1199_1423,0.8175220021939025
780,2017_1199_1425,0.7913398437353962
781,2017_1199_1433,0.7624924243482772
782,2017_1199_1435,0.7310124654712955
783,2017_1199_1436,0.8410786553610982
784,2017_1199_1437,0.41744880452743055
785,2017_1199_1438,0.5825511954725695
786,2017_1199_1439,0.7310124654712955
787,2017_1199_1448,0.7913398437353962
788,2017_1199_1452,0.5415607788214748
789,2017_1199_1455,0.7624924243482772
790,2017_1199_1457,0.8410786553610982
791,2017_1199_1458,0.6970180120800978
792,2017_1199_1462,0.7913398437353962
793,2017_1211_1233,0.89716910520253
794,2017_1211_1235,0.6607213206897565
795,2017_1211_1240,0.9115562144014271
796,2017_1211_1242,0.5
797,2017_1211_1243,0.8410786553610982
798,2017_1211_1245,0.89716910520253
799,2017_1211_1246,0.5415607788214748
800,2017_1211_1257,0.5415607788214748
801,2017_1211_1266,0.8175220021939025
802,2017_1211_1268,0.6970180120800978
803,2017_1211_1274,0.7624924243482772
804,2017_1211_1276,0.7310124654712955
805,2017_1211_1277,0.7913398437353962
806,2017_1211_1278,0.6607213206897565
807,2017_1211_1291,0.924100706850901
808,2017_1211_1292,0.862107237487529
809,2017_1211_1297,0.9115562144014271
810,2017_1211_1300,0.924100706850901
811,2017_1211_1305,0.862107237487529
812,2017_1211_1308,0.89716910520253
813,2017_1211_1309,0.924100706850901
814,2017_1211_1314,0.5
815,2017_1211_1315,0.9115562144014271
816,2017_1211_1321,0.7624924243482772
817,2017_1211_1323,0.6607213206897565
818,2017_1211_1329,0.8175220021939025
819,2017_1211_1332,0.5825511954725695
820,2017_1211_1343,0.862107237487529
821,2017_1211_1344,0.8410786553610982
822,2017_1211_1345,0.6224317735360779
823,2017_1211_1348,0.8410786553610982
824,2017_1211_1355,0.924100706850901
825,2017_1211_1371,0.7913398437353962
826,2017_1211_1374,0.6970180120800978
827,2017_1211_1376,0.7310124654712955
828,2017_1211_1388,0.7310124654712955
829,2017_1211_1407,0.9115562144014271
830,2017_1211_1411,0.924100706850901
831,2017_1211_1413,0.924100706850901
832,2017_1211_1417,0.5825511954725695
833,2017_1211_1423,0.862107237487529
834,2017_1211_1425,0.8410786553610982
835,2017_1211_1433,0.8175220021939025
836,2017_1211_1435,0.7913398437353962
837,2017_1211_1436,0.8807478216764935
838,2017_1211_1437,0.5
839,2017_1211_1438,0.6607213206897565
840,2017_1211_1439,0.7913398437353962
841,2017_1211_1448,0.8410786553610982
842,2017_1211_1452,0.6224317735360779
843,2017_1211_1455,0.8175220021939025
844,2017_1211_1457,0.8807478216764935
845,2017_1211_1458,0.7624924243482772
846,2017_1211_1462,0.8410786553610982
847,2017_1233_1235,0.1824779978060976
848,2017_1233_1240,0.5415607788214748
849,2017_1233_1242,0.10283089479747004
850,2017_1233_1243,0.3775682264639222
851,2017_1233_1245,0.5
852,2017_1233_1246,0.11925217832350651
853,2017_1233_1257,0.11925217832350651
854,2017_1233_1266,0.33927867931024347
855,2017_1233_1268,0.20866015626460388
856,2017_1233_1274,0.2689875345287045
857,2017_1233_1276,0.23750757565172284
858,2017_1233_1277,0.3029819879199023
859,2017_1233_1278,0.1824779978060976
860,2017_1233_1291,0.5825511954725695
861,2017_1233_1292,0.41744880452743055
862,2017_1233_1297,0.5415607788214748
863,2017_1233_1300,0.5825511954725695
864,2017_1233_1305,0.41744880452743055
865,2017_1233_1308,0.5
866,2017_1233_1309,0.5825511954725695
867,2017_1233_1314,0.10283089479747004
868,2017_1233_1315,0.5415607788214748
869,2017_1233_1321,0.2689875345287045
870,2017_1233_1323,0.1824779978060976
871,2017_1233_1329,0.33927867931024347
872,2017_1233_1332,0.13789276251247098
873,2017_1233_1343,0.41744880452743055
874,2017_1233_1344,0.3775682264639222
875,2017_1233_1345,0.15892134463890192
876,2017_1233_1348,0.3775682264639222
877,2017_1233_1355,0.5825511954725695
878,2017_1233_1371,0.3029819879199023
879,2017_1233_1374,0.20866015626460388
880,2017_1233_1376,0.23750757565172284
881,2017_1233_1388,0.23750757565172284
882,2017_1233_1407,0.5415607788214748
883,2017_1233_1411,0.5825511954725695
884,2017_1233_1413,0.5825511954725695
885,2017_1233_1417,0.13789276251247098
886,2017_1233_1423,0.41744880452743055
887,2017_1233_1425,0.3775682264639222
888,2017_1233_1433,0.33927867931024347
889,2017_1233_1435,0.3029819879199023
890,2017_1233_1436,0.4584392211785253
891,2017_1233_1437,0.10283089479747004
892,2017_1233_1438,0.1824779978060976
893,2017_1233_1439,0.3029819879199023
894,2017_1233_1448,0.3775682264639222
895,2017_1233_1452,0.15892134463890192
896,2017_1233_1455,0.33927867931024347
897,2017_1233_1457,0.4584392211785253
898,2017_1233_1458,0.2689875345287045
899,2017_1233_1462,0.3775682264639222
900,2017_1235_1240,0.8410786553610982
901,2017_1235_1242,0.33927867931024347
902,2017_1235_1243,0.7310124654712955
903,2017_1235_1245,0.8175220021939025
904,2017_1235_1246,0.3775682264639222
905,2017_1235_1257,0.3775682264639222
906,2017_1235_1266,0.6970180120800978
907,2017_1235_1268,0.5415607788214748
908,2017_1235_1274,0.6224317735360779
909,2017_1235_1276,0.5825511954725695
910,2017_1235_1277,0.6607213206897565
911,2017_1235_1278,0.5
912,2017_1235_1291,0.862107237487529
913,2017_1235_1292,0.7624924243482772
914,2017_1235_1297,0.8410786553610982
915,2017_1235_1300,0.862107237487529
916,2017_1235_1305,0.7624924243482772
917,2017_1235_1308,0.8175220021939025
918,2017_1235_1309,0.862107237487529
919,2017_1235_1314,0.33927867931024347
920,2017_1235_1315,0.8410786553610982
921,2017_1235_1321,0.6224317735360779
922,2017_1235_1323,0.5
923,2017_1235_1329,0.6970180120800978
924,2017_1235_1332,0.41744880452743055
925,2017_1235_1343,0.7624924243482772
926,2017_1235_1344,0.7310124654712955
927,2017_1235_1345,0.4584392211785253
928,2017_1235_1348,0.7310124654712955
929,2017_1235_1355,0.862107237487529
930,2017_1235_1371,0.6607213206897565
931,2017_1235_1374,0.5415607788214748
932,2017_1235_1376,0.5825511954725695
933,2017_1235_1388,0.5825511954725695
934,2017_1235_1407,0.8410786553610982
935,2017_1235_1411,0.862107237487529
936,2017_1235_1413,0.862107237487529
937,2017_1235_1417,0.41744880452743055
938,2017_1235_1423,0.7624924243482772
939,2017_1235_1425,0.7310124654712955
940,2017_1235_1433,0.6970180120800978
941,2017_1235_1435,0.6607213206897565
942,2017_1235_1436,0.7913398437353962
943,2017_1235_1437,0.33927867931024347
944,2017_1235_1438,0.5
945,2017_1235_1439,0.6607213206897565
946,2017_1235_1448,0.7310124654712955
947,2017_1235_1452,0.4584392211785253
948,2017_1235_1455,0.6970180120800978
949,2017_1235_1457,0.7913398437353962
950,2017_1235_1458,0.6224317735360779
951,2017_1235_1462,0.7310124654712955
952,2017_1240_1242,0.08844378559857284
953,2017_1240_1243,0.33927867931024347
954,2017_1240_1245,0.4584392211785253
955,2017_1240_1246,0.10283089479747004
956,2017_1240_1257,0.10283089479747004
957,2017_1240_1266,0.3029819879199023
958,2017_1240_1268,0.1824779978060976
959,2017_1240_1274,0.23750757565172284
960,2017_1240_1276,0.20866015626460388
961,2017_1240_1277,0.2689875345287045
962,2017_1240_1278,0.15892134463890192
963,2017_1240_1291,0.5415607788214748
964,2017_1240_1292,0.3775682264639222
965,2017_1240_1297,0.5
966,2017_1240_1300,0.5415607788214748
967,2017_1240_1305,0.3775682264639222
968,2017_1240_1308,0.4584392211785253
969,2017_1240_1309,0.5415607788214748
970,2017_1240_1314,0.08844378559857284
971,2017_1240_1315,0.5
972,2017_1240_1321,0.23750757565172284
973,2017_1240_1323,0.15892134463890192
974,2017_1240_1329,0.3029819879199023
975,2017_1240_1332,0.11925217832350651
976,2017_1240_1343,0.3775682264639222
977,2017_1240_1344,0.33927867931024347
978,2017_1240_1345,0.13789276251247098
979,2017_1240_1348,0.33927867931024347
980,2017_1240_1355,0.5415607788214748
981,2017_1240_1371,0.2689875345287045
982,2017_1240_1374,0.1824779978060976
983,2017_1240_1376,0.20866015626460388
984,2017_1240_1388,0.20866015626460388
985,2017_1240_1407,0.5
986,2017_1240_1411,0.5415607788214748
987,2017_1240_1413,0.5415607788214748
988,2017_1240_1417,0.11925217832350651
989,2017_1240_1423,0.3775682264639222
990,2017_1240_1425,0.33927867931024347
991,2017_1240_1433,0.3029819879199023
992,2017_1240_1435,0.2689875345287045
993,2017_1240_1436,0.41744880452743055
994,2017_1240_1437,0.08844378559857284
995,2017_1240_1438,0.15892134463890192
996,2017_1240_1439,0.2689875345287045
997,2017_1240_1448,0.33927867931024347
998,2017_1240_1452,0.13789276251247098
999,2017_1240_1455,0.3029819879199023
1000,2017_1240_1457,0.41744880452743055
1001,2017_1240_1458,0.23750757565172284
1002,2017_1240_1462,0.33927867931024347
1003,2017_1242_1243,0.8410786553610982
1004,2017_1242_1245,0.89716910520253
1005,2017_1242_1246,0.5415607788214748
1006,2017_1242_1257,0.5415607788214748
1007,2017_1242_1266,0.8175220021939025
1008,2017_1242_1268,0.6970180120800978
1009,2017_1242_1274,0.7624924243482772
1010,2017_1242_1276,0.7310124654712955
1011,2017_1242_1277,0.7913398437353962
1012,2017_1242_1278,0.6607213206897565
1013,2017_1242_1291,0.924100706850901
1014,2017_1242_1292,0.862107237487529
1015,2017_1242_1297,0.9115562144014271
1016,2017_1242_1300,0.924100706850901
1017,2017_1242_1305,0.862107237487529
1018,2017_1242_1308,0.89716910520253
1019,2017_1242_1309,0.924100706850901
1020,2017_1242_1314,0.5
1021,2017_1242_1315,0.9115562144014271
1022,2017_1242_1321,0.7624924243482772
1023,2017_1242_1323,0.6607213206897565
1024,2017_1242_1329,0.8175220021939025
1025,2017_1242_1332,0.5825511954725695
1026,2017_1242_1343,0.862107237487529
1027,2017_1242_1344,0.8410786553610982
1028,2017_1242_1345,0.6224317735360779
1029,2017_1242_1348,0.8410786553610982
1030,2017_1242_1355,0.924100706850901
1031,2017_1242_1371,0.7913398437353962
1032,2017_1242_1374,0.6970180120800978
1033,2017_1242_1376,0.7310124654712955
1034,2017_1242_1388,0.7310124654712955
1035,2017_1242_1407,0.9115562144014271
1036,2017_1242_1411,0.924100706850901
1037,2017_1242_1413,0.924100706850901
1038,2017_1242_1417,0.5825511954725695
1039,2017_1242_1423,0.862107237487529
1040,2017_1242_1425,0.8410786553610982
1041,2017_1242_1433,0.8175220021939025
1042,2017_1242_1435,0.7913398437353962
1043,2017_1242_1436,0.8807478216764935
1044,2017_1242_1437,0.5
1045,2017_1242_1438,0.6607213206897565
1046,2017_1242_1439,0.7913398437353962
1047,2017_1242_1448,0.8410786553610982
1048,2017_1242_1452,0.6224317735360779
1049,2017_1242_1455,0.8175220021939025
1050,2017_1242_1457,0.8807478216764935
1051,2017_1242_1458,0.7624924243482772
1052,2017_1242_1462,0.8410786553610982
1053,2017_1243_1245,0.6224317735360779
1054,2017_1243_1246,0.1824779978060976
1055,2017_1243_1257,0.1824779978060976
1056,2017_1243_1266,0.4584392211785253
1057,2017_1243_1268,0.3029819879199023
1058,2017_1243_1274,0.3775682264639222
1059,2017_1243_1276,0.33927867931024347
1060,2017_1243_1277,0.41744880452743055
1061,2017_1243_1278,0.2689875345287045
1062,2017_1243_1291,0.6970180120800978
1063,2017_1243_1292,0.5415607788214748
1064,2017_1243_1297,0.6607213206897565
1065,2017_1243_1300,0.6970180120800978
1066,2017_1243_1305,0.5415607788214748
1067,2017_1243_1308,0.6224317735360779
1068,2017_1243_1309,0.6970180120800978
1069,2017_1243_1314,0.15892134463890192
1070,2017_1243_1315,0.6607213206897565
1071,2017_1243_1321,0.3775682264639222
1072,2017_1243_1323,0.2689875345287045
1073,2017_1243_1329,0.4584392211785253
1074,2017_1243_1332,0.20866015626460388
1075,2017_1243_1343,0.5415607788214748
1076,2017_1243_1344,0.5
1077,2017_1243_1345,0.23750757565172284
1078,2017_1243_1348,0.5
1079,2017_1243_1355,0.6970180120800978
1080,2017_1243_1371,0.41744880452743055
1081,2017_1243_1374,0.3029819879199023
1082,2017_1243_1376,0.33927867931024347
1083,2017_1243_1388,0.33927867931024347
1084,2017_1243_1407,0.6607213206897565
1085,2017_1243_1411,0.6970180120800978
1086,2017_1243_1413,0.6970180120800978
1087,2017_1243_1417,0.20866015626460388
1088,2017_1243_1423,0.5415607788214748
1089,2017_1243_1425,0.5
1090,2017_1243_1433,0.4584392211785253
1091,2017_1243_1435,0.41744880452743055
1092,2017_1243_1436,0.5825511954725695
1093,2017_1243_1437,0.15892134463890192
1094,2017_1243_1438,0.2689875345287045
1095,2017_1243_1439,0.41744880452743055
1096,2017_1243_1448,0.5
1097,2017_1243_1452,0.23750757565172284
1098,2017_1243_1455,0.4584392211785253
1099,2017_1243_1457,0.5825511954725695
1100,2017_1243_1458,0.3775682264639222
1101,2017_1243_1462,0.5
1102,2017_1245_1246,0.11925217832350651
1103,2017_1245_1257,0.11925217832350651
1104,2017_1245_1266,0.33927867931024347
1105,2017_1245_1268,0.20866015626460388
1106,2017_1245_1274,0.2689875345287045
1107,2017_1245_1276,0.23750757565172284
1108,2017_1245_1277,0.3029819879199023
1109,2017_1245_1278,0.1824779978060976
1110,2017_1245_1291,0.5825511954725695
1111,2017_1245_1292,0.41744880452743055
1112,2017_1245_1297,0.5415607788214748
1113,2017_1245_1300,0.5825511954725695
1114,2017_1245_1305,0.41744880452743055
1115,2017_1245_1308,0.5
1116,2017_1245_1309,0.5825511954725695
1117,2017_1245_1314,0.10283089479747004
1118,2017_1245_1315,0.5415607788214748
1119,2017_1245_1321,0.2689875345287045
1120,2017_1245_1323,0.1824779978060976
1121,2017_1245_1329,0.33927867931024347
1122,2017_1245_1332,0.13789276251247098
1123,2017_1245_1343,0.41744880452743055
1124,2017_1245_1344,0.3775682264639222
1125,2017_1245_1345,0.15892134463890192
1126,2017_1245_1348,0.3775682264639222
1127,2017_1245_1355,0.5825511954725695
1128,2017_1245_1371,0.3029819879199023
1129,2017_1245_1374,0.20866015626460388
1130,2017_1245_1376,0.23750757565172284
1131,2017_1245_1388,0.23750757565172284
1132,2017_1245_1407,0.5415607788214748
1133,2017_1245_1411,0.5825511954725695
1134,2017_1245_1413,0.5825511954725695
1135,2017_1245_1417,0.13789276251247098
1136,2017_1245_1423,0.41744880452743055
1137,2017_1245_1425,0.3775682264639222
1138,2017_1245_1433,0.33927867931024347
1139,2017_1245_1435,0.3029819879199023
1140,2017_1245_1436,0.4584392211785253
1141,2017_1245_1437,0.10283089479747004
1142,2017_1245_1438,0.1824779978060976
1143,2017_1245_1439,0.3029819879199023
1144,2017_1245_1448,0.3775682264639222
1145,2017_1245_1452,0.15892134463890192
1146,2017_1245_1455,0.33927867931024347
1147,2017_1245_1457,0.4584392211785253
1148,2017_1245_1458,0.2689875345287045
1149,2017_1245_1462,0.3775682264639222
1150,2017_1246_1257,0.5
1151,2017_1246_1266,0.7913398437353962
1152,2017_1246_1268,0.6607213206897565
1153,2017_1246_1274,0.7310124654712955
1154,2017_1246_1276,0.6970180120800978
1155,2017_1246_1277,0.7624924243482772
1156,2017_1246_1278,0.6224317735360779
1157,2017_1246_1291,0.9115562144014271
1158,2017_1246_1292,0.8410786553610982
1159,2017_1246_1297,0.89716910520253
1160,2017_1246_1300,0.9115562144014271
1161,2017_1246_1305,0.8410786553610982
1162,2017_1246_1308,0.8807478216764935
1163,2017_1246_1309,0.9115562144014271
1164,2017_1246_1314,0.4584392211785253
1165,2017_1246_1315,0.89716910520253
1166,2017_1246_1321,0.7310124654712955
1167,2017_1246_1323,0.6224317735360779
1168,2017_1246_1329,0.7913398437353962
1169,2017_1246_1332,0.5415607788214748
1170,2017_1246_1343,0.8410786553610982
1171,2017_1246_1344,0.8175220021939025
1172,2017_1246_1345,0.5825511954725695
1173,2017_1246_1348,0.8175220021939025
1174,2017_1246_1355,0.9115562144014271
1175,2017_1246_1371,0.7624924243482772
1176,2017_1246_1374,0.6607213206897565
1177,2017_1246_1376,0.6970180120800978
1178,2017_1246_1388,0.6970180120800978
1179,2017_1246_1407,0.89716910520253
1180,2017_1246_1411,0.9115562144014271
1181,2017_1246_1413,0.9115562144014271
1182,2017_1246_1417,0.5415607788214748
1183,2017_1246_1423,0.8410786553610982
1184,2017_1246_1425,0.8175220021939025
1185,2017_1246_1433,0.7913398437353962
1186,2017_1246_1435,0.7624924243482772
1187,2017_1246_1436,0.862107237487529
1188,2017_1246_1437,0.4584392211785253
1189,2017_1246_1438,0.6224317735360779
1190,2017_1246_1439,0.7624924243482772
1191,2017_1246_1448,0.8175220021939025
1192,2017_1246_1452,0.5825511954725695
1193,2017_1246_1455,0.7913398437353962
1194,2017_1246_1457,0.862107237487529
1195,2017_1246_1458,0.7310124654712955
1196,2017_1246_1462,0.8175220021939025
1197,2017_1257_1266,0.7913398437353962
1198,2017_1257_1268,0.6607213206897565
1199,2017_1257_1274,0.7310124654712955
1200,2017_1257_1276,0.6970180120800978
1201,2017_1257_1277,0.7624924243482772
1202,2017_1257_1278,0.6224317735360779
1203,2017_1257_1291,0.9115562144014271
1204,2017_1257_1292,0.8410786553610982
1205,2017_1257_1297,0.89716910520253
1206,2017_1257_1300,0.9115562144014271
1207,2017_1257_1305,0.8410786553610982
1208,2017_1257_1308,0.8807478216764935
1209,2017_1257_1309,0.9115562144014271
1210,2017_1257_1314,0.4584392211785253
1211,2017_1257_1315,0.89716910520253
1212,2017_1257_1321,0.7310124654712955
1213,2017_1257_1323,0.6224317735360779
1214,2017_1257_1329,0.7913398437353962
1215,2017_1257_1332,0.5415607788214748
1216,2017_1257_1343,0.8410786553610982
1217,2017_1257_1344,0.8175220021939025
1218,2017_1257_1345,0.5825511954725695
1219,2017_1257_1348,0.8175220021939025
1220,2017_1257_1355,0.9115562144014271
1221,2017_1257_1371,0.7624924243482772
1222,2017_1257_1374,0.6607213206897565
1223,2017_1257_1376,0.6970180120800978
1224,2017_1257_1388,0.6970180120800978
1225,2017_1257_1407,0.89716910520253
1226,2017_1257_1411,0.9115562144014271
1227,2017_1257_1413,0.9115562144014271
1228,2017_1257_1417,0.5415607788214748
1229,2017_1257_1423,0.8410786553610982
1230,2017_1257_1425,0.8175220021939025
1231,2017_1257_1433,0.7913398437353962
1232,2017_1257_1435,0.7624924243482772
1233,2017_1257_1436,0.862107237487529
1234,2017_1257_1437,0.4584392211785253
1235,2017_1257_1438,0.6224317735360779
1236,2017_1257_1439,0.7624924243482772
1237,2017_1257_1448,0.8175220021939025
1238,2017_1257_1452,0.5825511954725695
1239,2017_1257_1455,0.7913398437353962
1240,2017_1257_1457,0.862107237487529
1241,2017_1257_1458,0.7310124654712955
1242,2017_1257_1462,0.8175220021939025
1243,2017_1266_1268,0.33927867931024347
1244,2017_1266_1274,0.41744880452743055
1245,2017_1266_1276,0.3775682264639222
1246,2017_1266_1277,0.4584392211785253
1247,2017_1266_1278,0.3029819879199023
1248,2017_1266_1291,0.7310124654712955
1249,2017_1266_1292,0.5825511954725695
1250,2017_1266_1297,0.6970180120800978
1251,2017_1266_1300,0.7310124654712955
1252,2017_1266_1305,0.5825511954725695
1253,2017_1266_1308,0.6607213206897565
1254,2017_1266_1309,0.7310124654712955
1255,2017_1266_1314,0.1824779978060976
1256,2017_1266_1315,0.6970180120800978
1257,2017_1266_1321,0.41744880452743055
1258,2017_1266_1323,0.3029819879199023
1259,2017_1266_1329,0.5
1260,2017_1266_1332,0.23750757565172284
1261,2017_1266_1343,0.5825511954725695
1262,2017_1266_1344,0.5415607788214748
1263,2017_1266_1345,0.2689875345287045
1264,2017_1266_1348,0.5415607788214748
1265,2017_1266_1355,0.7310124654712955
1266,2017_1266_1371,0.4584392211785253
1267,2017_1266_1374,0.33927867931024347
1268,2017_1266_1376,0.3775682264639222
1269,2017_1266_1388,0.3775682264639222
1270,2017_1266_1407,0.6970180120800978
1271,2017_1266_1411,0.7310124654712955
1272,2017_1266_1413,0.7310124654712955
1273,2017_1266_1417,0.23750757565172284
1274,2017_1266_1423,0.5825511954725695
1275,2017_1266_1425,0.5415607788214748
1276,2017_1266_1433,0.5
1277,2017_1266_1435,0.4584392211785253
1278,2017_1266_1436,0.6224317735360779
1279,2017_1266_1437,0.1824779978060976
1280,2017_1266_1438,0.3029819879199023
1281,2017_1266_1439,0.4584392211785253
1282,2017_1266_1448,0.5415607788214748
1283,2017_1266_1452,0.2689875345287045
1284,2017_1266_1455,0.5
1285,2017_1266_1457,0.6224317735360779
1286,2017_1266_1458,0.41744880452743055
1287,2017_1266_1462,0.5415607788214748
1288,2017_1268_1274,0.5825511954725695
1289,2017_1268_1276,0.5415607788214748
1290,2017_1268_1277,0.6224317735360779
1291,2017_1268_1278,0.4584392211785253
1292,2017_1268_1291,0.8410786553610982
1293,2017_1268_1292,0.7310124654712955
1294,2017_1268_1297,0.8175220021939025
1295,2017_1268_1300,0.8410786553610982
1296,2017_1268_1305,0.7310124654712955
1297,2017_1268_1308,0.7913398437353962
1298,2017_1268_1309,0.8410786553610982
1299,2017_1268_1314,0.3029819879199023
1300,2017_1268_1315,0.8175220021939025
1301,2017_1268_1321,0.5825511954725695
1302,2017_1268_1323,0.4584392211785253
1303,2017_1268_1329,0.6607213206897565
1304,2017_1268_1332,0.3775682264639222
1305,2017_1268_1343,0.7310124654712955
1306,2017_1268_1344,0.6970180120800978
1307,2017_1268_1345,0.41744880452743055
1308,2017_1268_1348,0.6970180120800978
1309,2017_1268_1355,0.8410786553610982
1310,2017_1268_1371,0.6224317735360779
1311,2017_1268_1374,0.5
1312,2017_1268_1376,0.5415607788214748
1313,2017_1268_1388,0.5415607788214748
1314,2017_1268_1407,0.8175220021939025
1315,2017_1268_1411,0.8410786553610982
1316,2017_1268_1413,0.8410786553610982
1317,2017_1268_1417,0.3775682264639222
1318,2017_1268_1423,0.7310124654712955
1319,2017_1268_1425,0.6970180120800978
1320,2017_1268_1433,0.6607213206897565
1321,2017_1268_1435,0.6224317735360779
1322,2017_1268_1436,0.7624924243482772
1323,2017_1268_1437,0.3029819879199023
1324,2017_1268_1438,0.4584392211785253
1325,2017_1268_1439,0.6224317735360779
1326,2017_1268_1448,0.6970180120800978
1327,2017_1268_1452,0.41744880452743055
1328,2017_1268_1455,0.6607213206897565
1329,2017_1268_1457,0.7624924243482772
1330,2017_1268_1458,0.5825511954725695
1331,2017_1268_1462,0.6970180120800978
1332,2017_1274_1276,0.4584392211785253
1333,2017_1274_1277,0.5415607788214748
1334,2017_1274_1278,0.3775682264639222
1335,2017_1274_1291,0.7913398437353962
1336,2017_1274_1292,0.6607213206897565
1337,2017_1274_1297,0.7624924243482772
1338,2017_1274_1300,0.7913398437353962
1339,2017_1274_1305,0.6607213206897565
1340,2017_1274_1308,0.7310124654712955
1341,2017_1274_1309,0.7913398437353962
1342,2017_1274_1314,0.23750757565172284
1343,2017_1274_1315,0.7624924243482772
1344,2017_1274_1321,0.5
1345,2017_1274_1323,0.3775682264639222
1346,2017_1274_1329,0.5825511954725695
1347,2017_1274_1332,0.3029819879199023
1348,2017_1274_1343,0.6607213206897565
1349,2017_1274_1344,0.6224317735360779
1350,2017_1274_1345,0.33927867931024347
1351,2017_1274_1348,0.6224317735360779
1352,2017_1274_1355,0.7913398437353962
1353,2017_1274_1371,0.5415607788214748
1354,2017_1274_1374,0.41744880452743055
1355,2017_1274_1376,0.4584392211785253
1356,2017_1274_1388,0.4584392211785253
1357,2017_1274_1407,0.7624924243482772
1358,2017_1274_1411,0.7913398437353962
1359,2017_1274_1413,0.7913398437353962
1360,2017_1274_1417,0.3029819879199023
1361,2017_1274_1423,0.6607213206897565
1362,2017_1274_1425,0.6224317735360779
1363,2017_1274_1433,0.5825511954725695
1364,2017_1274_1435,0.5415607788214748
1365,2017_1274_1436,0.6970180120800978
1366,2017_1274_1437,0.23750757565172284
1367,2017_1274_1438,0.3775682264639222
1368,2017_1274_1439,0.5415607788214748
1369,2017_1274_1448,0.6224317735360779
1370,2017_1274_1452,0.33927867931024347
1371,2017_1274_1455,0.5825511954725695
1372,2017_1274_1457,0.6970180120800978
1373,2017_1274_1458,0.5
1374,2017_1274_1462,0.6224317735360779
1375,2017_1276_1277,0.5825511954725695
1376,2017_1276_1278,0.41744880452743055
1377,2017_1276_1291,0.8175220021939025
1378,2017_1276_1292,0.6970180120800978
1379,2017_1276_1297,0.7913398437353962
1380,2017_1276_1300,0.8175220021939025
1381,2017_1276_1305,0.6970180120800978
1382,2017_1276_1308,0.7624924243482772
1383,2017_1276_1309,0.8175220021939025
1384,2017_1276_1314,0.2689875345287045
1385,2017_1276_1315,0.7913398437353962
1386,2017_1276_1321,0.5415607788214748
1387,2017_1276_1323,0.41744880452743055
1388,2017_1276_1329,0.6224317735360779
1389,2017_1276_1332,0.33927867931024347
1390,2017_1276_1343,0.6970180120800978
1391,2017_1276_1344,0.6607213206897565
1392,2017_1276_1345,0.3775682264639222
1393,2017_1276_1348,0.6607213206897565
1394,2017_1276_1355,0.8175220021939025
1395,2017_1276_1371,0.5825511954725695
1396,2017_1276_1374,0.4584392211785253
1397,2017_1276_1376,0.5
1398,2017_1276_1388,0.5
1399,2017_1276_1407,0.7913398437353962
1400,2017_1276_1411,0.8175220021939025
1401,2017_1276_1413,0.8175220021939025
1402,2017_1276_1417,0.33927867931024347
1403,2017_1276_1423,0.6970180120800978
1404,2017_1276_1425,0.6607213206897565
1405,2017_1276_1433,0.6224317735360779
1406,2017_1276_1435,0.5825511954725695
1407,2017_1276_1436,0.7310124654712955
1408,2017_1276_1437,0.2689875345287045
1409,2017_1276_1438,0.41744880452743055
1410,2017_1276_1439,0.5825511954725695
1411,2017_1276_1448,0.6607213206897565
1412,2017_1276_1452,0.3775682264639222
1413,2017_1276_1455,0.6224317735360779
1414,2017_1276_1457,0.7310124654712955
1415,2017_1276_1458,0.5415607788214748
1416,2017_1276_1462,0.6607213206897565
1417,2017_1277_1278,0.33927867931024347
1418,2017_1277_1291,0.7624924243482772
1419,2017_1277_1292,0.6224317735360779
1420,2017_1277_1297,0.7310124654712955
1421,2017_1277_1300,0.7624924243482772
1422,2017_1277_1305,0.6224317735360779
1423,2017_1277_1308,0.6970180120800978
1424,2017_1277_1309,0.7624924243482772
1425,2017_1277_1314,0.20866015626460388
1426,2017_1277_1315,0.7310124654712955
1427,2017_1277_1321,0.4584392211785253
1428,2017_1277_1323,0.33927867931024347
1429,2017_1277_1329,0.5415607788214748
1430,2017_1277_1332,0.2689875345287045
1431,2017_1277_1343,0.6224317735360779
1432,2017_1277_1344,0.5825511954725695
1433,2017_1277_1345,0.3029819879199023
1434,2017_1277_1348,0.5825511954725695
1435,2017_1277_1355,0.7624924243482772
1436,2017_1277_1371,0.5
1437,2017_1277_1374,0.3775682264639222
1438,2017_1277_1376,0.41744880452743055
1439,2017_1277_1388,0.41744880452743055
1440,2017_1277_1407,0.7310124654712955
1441,2017_1277_1411,0.7624924243482772
1442,2017_1277_1413,0.7624924243482772
1443,2017_1277_1417,0.2689875345287045
1444,2017_1277_1423,0.6224317735360779
1445,2017_1277_1425,0.5825511954725695
1446,2017_1277_1433,0.5415607788214748
1447,2017_1277_1435,0.5
1448,2017_1277_1436,0.6607213206897565
1449,2017_1277_1437,0.20866015626460388
1450,2017_1277_1438,0.33927867931024347
1451,2017_1277_1439,0.5
1452,2017_1277_1448,0.5825511954725695
1453,2017_1277_1452,0.3029819879199023
1454,2017_1277_1455,0.5415607788214748
1455,2017_1277_1457,0.6607213206897565
1456,2017_1277_1458,0.4584392211785253
1457,2017_1277_1462,0.5825511954725695
1458,2017_1278_1291,0.862107237487529
1459,2017_1278_1292,0.7624924243482772
1460,2017_1278_1297,0.8410786553610982
1461,2017_1278_1300,0.862107237487529
1462,2017_1278_1305,0.7624924243482772
1463,2017_1278_1308,0.8175220021939025
1464,2017_1278_1309,0.862107237487529
1465,2017_1278_1314,0.33927867931024347
1466,2017_1278_1315,0.8410786553610982
1467,2017_1278_1321,0.6224317735360779
1468,2017_1278_1323,0.5
1469,2017_1278_1329,0.6970180120800978
1470,2017_1278_1332,0.41744880452743055
1471,2017_1278_1343,0.7624924243482772
1472,2017_1278_1344,0.7310124654712955
1473,2017_1278_1345,0.4584392211785253
1474,2017_1278_1348,0.7310124654712955
1475,2017_1278_1355,0.862107237487529
1476,2017_1278_1371,0.6607213206897565
1477,2017_1278_1374,0.5415607788214748
1478,2017_1278_1376,0.5825511954725695
1479,2017_1278_1388,0.5825511954725695
1480,2017_1278_1407,0.8410786553610982
1481,2017_1278_1411,0.862107237487529
1482,2017_1278_1413,0.862107237487529
1483,2017_1278_1417,0.41744880452743055
1484,2017_1278_1423,0.7624924243482772
1485,2017_1278_1425,0.7310124654712955
1486,2017_1278_1433,0.6970180120800978
1487,2017_1278_1435,0.6607213206897565
1488,2017_1278_1436,0.7913398437353962
1489,2017_1278_1437,0.33927867931024347
1490,2017_1278_1438,0.5
1491,2017_1278_1439,0.6607213206897565
1492,2017_1278_1448,0.7310124654712955
1493,2017_1278_1452,0.4584392211785253
1494,2017_1278_1455,0.6970180120800978
1495,2017_1278_1457,0.7913398437353962
1496,2017_1278_1458,0.6224317735360779
1497,2017_1278_1462,0.7310124654712955
1498,2017_1291_1292,0.33927867931024347
1499,2017_1291_1297,0.4584392211785253
1500,2017_1291_1300,0.5
1501,2017_1291_1305,0.33927867931024347
1502,2017_1291_1308,0.41744880452743055
1503,2017_1291_1309,0.5
1504,2017_1291_1314,0.07589929314909903
1505,2017_1291_1315,0.4584392211785253
1506,2017_1291_1321,0.20866015626460388
1507,2017_1291_1323,0.13789276251247098
1508,2017_1291_1329,0.2689875345287045
1509,2017_1291_1332,0.10283089479747004
1510,2017_1291_1343,0.33927867931024347
1511,2017_1291_1344,0.3029819879199023
1512,2017_1291_1345,0.11925217832350651
1513,2017_1291_1348,0.3029819879199023
1514,2017_1291_1355,0.5
1515,2017_1291_1371,0.23750757565172284
1516,2017_1291_1374,0.15892134463890192
1517,2017_1291_1376,0.1824779978060976
1518,2017_1291_1388,0.1824779978060976
1519,2017_1291_1407,0.4584392211785253
1520,2017_1291_1411,0.5
1521,2017_1291_1413,0.5
1522,2017_1291_1417,0.10283089479747004
1523,2017_1291_1423,0.33927867931024347
1524,2017_1291_1425,0.3029819879199023
1525,2017_1291_1433,0.2689875345287045
1526,2017_1291_1435,0.23750757565172284
1527,2017_1291_1436,0.3775682264639222
1528,2017_1291_1437,0.07589929314909903
1529,2017_1291_1438,0.13789276251247098
1530,2017_1291_1439,0.23750757565172284
1531,2017_1291_1448,0.3029819879199023
1532,2017_1291_1452,0.11925217832350651
1533,2017_1291_1455,0.2689875345287045
1534,2017_1291_1457,0.3775682264639222
1535,2017_1291_1458,0.20866015626460388
1536,2017_1291_1462,0.3029819879199023
1537,2017_1292_1297,0.6224317735360779
1538,2017_1292_1300,0.6607213206897565
1539,2017_1292_1305,0.5
1540,2017_1292_1308,0.5825511954725695
1541,2017_1292_1309,0.6607213206897565
1542,2017_1292_1314,0.13789276251247098
1543,2017_1292_1315,0.6224317735360779
1544,2017_1292_1321,0.33927867931024347
1545,2017_1292_1323,0.23750757565172284
1546,2017_1292_1329,0.41744880452743055
1547,2017_1292_1332,0.1824779978060976
1548,2017_1292_1343,0.5
1549,2017_1292_1344,0.4584392211785253
1550,2017_1292_1345,0.20866015626460388
1551,2017_1292_1348,0.4584392211785253
1552,2017_1292_1355,0.6607213206897565
1553,2017_1292_1371,0.3775682264639222
1554,2017_1292_1374,0.2689875345287045
1555,2017_1292_1376,0.3029819879199023
1556,2017_1292_1388,0.3029819879199023
1557,2017_1292_1407,0.6224317735360779
1558,2017_1292_1411,0.6607213206897565
1559,2017_1292_1413,0.6607213206897565
1560,2017_1292_1417,0.1824779978060976
1561,2017_1292_1423,0.5
1562,2017_1292_1425,0.4584392211785253
1563,2017_1292_1433,0.41744880452743055
1564,2017_1292_1435,0.3775682264639222
1565,2017_1292_1436,0.5415607788214748
1566,2017_1292_1437,0.13789276251247098
1567,2017_1292_1438,0.23750757565172284
1568,2017_1292_1439,0.3775682264639222
1569,2017_1292_1448,0.4584392211785253
1570,2017_1292_1452,0.20866015626460388
1571,2017_1292_1455,0.41744880452743055
1572,2017_1292_1457,0.5415607788214748
1573,2017_1292_1458,0.33927867931024347
1574,2017_1292_1462,0.4584392211785253
1575,2017_1297_1300,0.5415607788214748
1576,2017_1297_1305,0.3775682264639222
1577,2017_1297_1308,0.4584392211785253
1578,2017_1297_1309,0.5415607788214748
1579,2017_1297_1314,0.08844378559857284
1580,2017_1297_1315,0.5
1581,2017_1297_1321,0.23750757565172284
1582,2017_1297_1323,0.15892134463890192
1583,2017_1297_1329,0.3029819879199023
1584,2017_1297_1332,0.11925217832350651
1585,2017_1297_1343,0.3775682264639222
1586,2017_1297_1344,0.33927867931024347
1587,2017_1297_1345,0.13789276251247098
1588,2017_1297_1348,0.33927867931024347
1589,2017_1297_1355,0.5415607788214748
1590,2017_1297_1371,0.2689875345287045
1591,2017_1297_1374,0.1824779978060976
1592,2017_1297_1376,0.20866015626460388
1593,2017_1297_1388,0.20866015626460388
1594,2017_1297_1407,0.5
1595,2017_1297_1411,0.5415607788214748
1596,2017_1297_1413,0.5415607788214748
1597,2017_1297_1417,0.11925217832350651
1598,2017_1297_1423,0.3775682264639222
1599,2017_1297_1425,0.33927867931024347
1600,2017_1297_1433,0.3029819879199023
1601,2017_1297_1435,0.2689875345287045
1602,2017_1297_1436,0.41744880452743055
1603,2017_1297_1437,0.08844378559857284
1604,2017_1297_1438,0.15892134463890192
1605,2017_1297_1439,0.2689875345287045
1606,2017_1297_1448,0.33927867931024347
1607,2017_1297_1452,0.13789276251247098
1608,2017_1297_1455,0.3029819879199023
1609,2017_1297_1457,0.41744880452743055
1610,2017_1297_1458,0.23750757565172284
1611,2017_1297_1462,0.33927867931024347
1612,2017_1300_1305,0.33927867931024347
1613,2017_1300_1308,0.41744880452743055
1614,2017_1300_1309,0.5
1615,2017_1300_1314,0.07589929314909903
1616,2017_1300_1315,0.4584392211785253
1617,2017_1300_1321,0.20866015626460388
1618,2017_1300_1323,0.13789276251247098
1619,2017_1300_1329,0.2689875345287045
1620,2017_1300_1332,0.10283089479747004
1621,2017_1300_1343,0.33927867931024347
1622,2017_1300_1344,0.3029819879199023
1623,2017_1300_1345,0.11925217832350651
1624,2017_1300_1348,0.3029819879199023
1625,2017_1300_1355,0.5
1626,2017_1300_1371,0.23750757565172284
1627,2017_1300_1374,0.15892134463890192
1628,2017_1300_1376,0.1824779978060976
1629,2017_1300_1388,0.1824779978060976
1630,2017_1300_1407,0.4584392211785253
1631,2017_1300_1411,0.5
1632,2017_1300_1413,0.5
1633,2017_1300_1417,0.10283089479747004
1634,2017_1300_1423,0.33927867931024347
1635,2017_1300_1425,0.3029819879199023
1636,2017_1300_1433,0.2689875345287045
1637,2017_1300_1435,0.23750757565172284
1638,2017_1300_1436,0.3775682264639222
1639,2017_1300_1437,0.07589929314909903
1640,2017_1300_1438,0.13789276251247098
1641,2017_1300_1439,0.23750757565172284
1642,2017_1300_1448,0.3029819879199023
1643,2017_1300_1452,0.11925217832350651
1644,2017_1300_1455,0.2689875345287045
1645,2017_1300_1457,0.3775682264639222
1646,2017_1300_1458,0.20866015626460388
1647,2017_1300_1462,0.3029819879199023
1648,2017_1305_1308,0.5825511954725695
1649,2017_1305_1309,0.6607213206897565
1650,2017_1305_1314,0.13789276251247098
1651,2017_1305_1315,0.6224317735360779
1652,2017_1305_1321,0.33927867931024347
1653,2017_1305_1323,0.23750757565172284
1654,2017_1305_1329,0.41744880452743055
1655,2017_1305_1332,0.1824779978060976
1656,2017_1305_1343,0.5
1657,2017_1305_1344,0.4584392211785253
1658,2017_1305_1345,0.20866015626460388
1659,2017_1305_1348,0.4584392211785253
1660,2017_1305_1355,0.6607213206897565
1661,2017_1305_1371,0.3775682264639222
1662,2017_1305_1374,0.2689875345287045
1663,2017_1305_1376,0.3029819879199023
1664,2017_1305_1388,0.3029819879199023
1665,2017_1305_1407,0.6224317735360779
1666,2017_1305_1411,0.6607213206897565
1667,2017_1305_1413,0.6607213206897565
1668,2017_1305_1417,0.1824779978060976
1669,2017_1305_1423,0.5
1670,2017_1305_1425,0.4584392211785253
1671,2017_1305_1433,0.41744880452743055
1672,2017_1305_1435,0.3775682264639222
1673,2017_1305_1436,0.5415607788214748
1674,2017_1305_1437,0.13789276251247098
1675,2017_1305_1438,0.23750757565172284
1676,2017_1305_1439,0.3775682264639222
1677,2017_1305_1448,0.4584392211785253
1678,2017_1305_1452,0.20866015626460388
1679,2017_1305_1455,0.41744880452743055
1680,2017_1305_1457,0.5415607788214748
1681,2017_1305_1458,0.33927867931024347
1682,2017_1305_1462,0.4584392211785253
1683,2017_1308_1309,0.5825511954725695
1684,2017_1308_1314,0.10283089479747004
1685,2017_1308_1315,0.5415607788214748
1686,2017_1308_1321,0.2689875345287045
1687,2017_1308_1323,0.1824779978060976
1688,2017_1308_1329,0.33927867931024347
1689,2017_1308_1332,0.13789276251247098
1690,2017_1308_1343,0.41744880452743055
1691,2017_1308_1344,0.3775682264639222
1692,2017_1308_1345,0.15892134463890192
1693,2017_1308_1348,0.3775682264639222
1694,2017_1308_1355,0.5825511954725695
1695,2017_1308_1371,0.3029819879199023
1696,2017_1308_1374,0.20866015626460388
1697,2017_1308_1376,0.23750757565172284
1698,2017_1308_1388,0.23750757565172284
1699,2017_1308_1407,0.5415607788214748
1700,2017_1308_1411,0.5825511954725695
1701,2017_1308_1413,0.5825511954725695
1702,2017_1308_1417,0.13789276251247098
1703,2017_1308_1423,0.41744880452743055
1704,2017_1308_1425,0.3775682264639222
1705,2017_1308_1433,0.33927867931024347
1706,2017_1308_1435,0.3029819879199023
1707,2017_1308_1436,0.4584392211785253
1708,2017_1308_1437,0.10283089479747004
1709,2017_1308_1438,0.1824779978060976
1710,2017_1308_1439,0.3029819879199023
1711,2017_1308_1448,0.3775682264639222
1712,2017_1308_1452,0.15892134463890192
1713,2017_1308_1455,0.33927867931024347
1714,2017_1308_1457,0.4584392211785253
1715,2017_1308_1458,0.2689875345287045
1716,2017_1308_1462,0.3775682264639222
1717,2017_1309_1314,0.07589929314909903
1718,2017_1309_1315,0.4584392211785253
1719,2017_1309_1321,0.20866015626460388
1720,2017_1309_1323,0.13789276251247098
1721,2017_1309_1329,0.2689875345287045
1722,2017_1309_1332,0.10283089479747004
1723,2017_1309_1343,0.33927867931024347
1724,2017_1309_1344,0.3029819879199023
1725,2017_1309_1345,0.11925217832350651
1726,2017_1309_1348,0.3029819879199023
1727,2017_1309_1355,0.5
1728,2017_1309_1371,0.23750757565172284
1729,2017_1309_1374,0.15892134463890192
1730,2017_1309_1376,0.1824779978060976
1731,2017_1309_1388,0.1824779978060976
1732,2017_1309_1407,0.4584392211785253
1733,2017_1309_1411,0.5
1734,2017_1309_1413,0.5
1735,2017_1309_1417,0.10283089479747004
1736,2017_1309_1423,0.33927867931024347
1737,2017_1309_1425,0.3029819879199023
1738,2017_1309_1433,0.2689875345287045
1739,2017_1309_1435,0.23750757565172284
1740,2017_1309_1436,0.3775682264639222
1741,2017_1309_1437,0.07589929314909903
1742,2017_1309_1438,0.13789276251247098
1743,2017_1309_1439,0.23750757565172284
1744,2017_1309_1448,0.3029819879199023
1745,2017_1309_1452,0.11925217832350651
1746,2017_1309_1455,0.2689875345287045
1747,2017_1309_1457,0.3775682264639222
1748,2017_1309_1458,0.20866015626460388
1749,2017_1309_1462,0.3029819879199023
1750,2017_1314_1315,0.9115562144014271
1751,2017_1314_1321,0.7624924243482772
1752,2017_1314_1323,0.6607213206897565
1753,2017_1314_1329,0.8175220021939025
1754,2017_1314_1332,0.5825511954725695
1755,2017_1314_1343,0.862107237487529
1756,2017_1314_1344,0.8410786553610982
1757,2017_1314_1345,0.6224317735360779
1758,2017_1314_1348,0.8410786553610982
1759,2017_1314_1355,0.924100706850901
1760,2017_1314_1371,0.7913398437353962
1761,2017_1314_1374,0.6970180120800978
1762,2017_1314_1376,0.7310124654712955
1763,2017_1314_1388,0.7310124654712955
1764,2017_1314_1407,0.9115562144014271
1765,2017_1314_1411,0.924100706850901
1766,2017_1314_1413,0.924100706850901
1767,2017_1314_1417,0.5825511954725695
1768,2017_1314_1423,0.862107237487529
1769,2017_1314_1425,0.8410786553610982
1770,2017_1314_1433,0.8175220021939025
1771,2017_1314_1435,0.7913398437353962
1772,2017_1314_1436,0.8807478216764935
1773,2017_1314_1437,0.5
1774,2017_1314_1438,0.6607213206897565
1775,2017_1314_1439,0.7913398437353962
1776,2017_1314_1448,0.8410786553610982
1777,2017_1314_1452,0.6224317735360779
1778,2017_1314_1455,0.8175220021939025
1779,2017_1314_1457,0.8807478216764935
1780,2017_1314_1458,0.7624924243482772
1781,2017_1314_1462,0.8410786553610982
1782,2017_1315_1321,0.23750757565172284
1783,2017_1315_1323,0.15892134463890192
1784,2017_1315_1329,0.3029819879199023
1785,2017_1315_1332,0.11925217832350651
1786,2017_1315_1343,0.3775682264639222
1787,2017_1315_1344,0.33927867931024347
1788,2017_1315_1345,0.13789276251247098
1789,2017_1315_1348,0.33927867931024347
1790,2017_1315_1355,0.5415607788214748
1791,2017_1315_1371,0.2689875345287045
1792,2017_1315_1374,0.1824779978060976
1793,2017_1315_1376,0.20866015626460388
1794,2017_1315_1388,0.20866015626460388
1795,2017_1315_1407,0.5
1796,2017_1315_1411,0.5415607788214748
1797,2017_1315_1413,0.5415607788214748
1798,2017_1315_1417,0.11925217832350651
1799,2017_1315_1423,0.3775682264639222
1800,2017_1315_1425,0.33927867931024347
1801,2017_1315_1433,0.3029819879199023
1802,2017_1315_1435,0.2689875345287045
1803,2017_1315_1436,0.41744880452743055
1804,2017_1315_1437,0.08844378559857284
1805,2017_1315_1438,0.15892134463890192
1806,2017_1315_1439,0.2689875345287045
1807,2017_1315_1448,0.33927867931024347
1808,2017_1315_1452,0.13789276251247098
1809,2017_1315_1455,0.3029819879199023
1810,2017_1315_1457,0.41744880452743055
1811,2017_1315_1458,0.23750757565172284
1812,2017_1315_1462,0.33927867931024347
1813,2017_1321_1323,0.3775682264639222
1814,2017_1321_1329,0.5825511954725695
1815,2017_1321_1332,0.3029819879199023
1816,2017_1321_1343,0.6607213206897565
1817,2017_1321_1344,0.6224317735360779
1818,2017_1321_1345,0.33927867931024347
1819,2017_1321_1348,0.6224317735360779
1820,2017_1321_1355,0.7913398437353962
1821,2017_1321_1371,0.5415607788214748
1822,2017_1321_1374,0.41744880452743055
1823,2017_1321_1376,0.4584392211785253
1824,2017_1321_1388,0.4584392211785253
1825,2017_1321_1407,0.7624924243482772
1826,2017_1321_1411,0.7913398437353962
1827,2017_1321_1413,0.7913398437353962
1828,2017_1321_1417,0.3029819879199023
1829,2017_1321_1423,0.6607213206897565
1830,2017_1321_1425,0.6224317735360779
1831,2017_1321_1433,0.5825511954725695
1832,2017_1321_1435,0.5415607788214748
1833,2017_1321_1436,0.6970180120800978
1834,2017_1321_1437,0.23750757565172284
1835,2017_1321_1438,0.3775682264639222
1836,2017_1321_1439,0.5415607788214748
1837,2017_1321_1448,0.6224317735360779
1838,2017_1321_1452,0.33927867931024347
1839,2017_1321_1455,0.5825511954725695
1840,2017_1321_1457,0.6970180120800978
1841,2017_1321_1458,0.5
1842,2017_1321_1462,0.6224317735360779
1843,2017_1323_1329,0.6970180120800978
1844,2017_1323_1332,0.41744880452743055
1845,2017_1323_1343,0.7624924243482772
1846,2017_1323_1344,0.7310124654712955
1847,2017_1323_1345,0.4584392211785253
1848,2017_1323_1348,0.7310124654712955
1849,2017_1323_1355,0.862107237487529
1850,2017_1323_1371,0.6607213206897565
1851,2017_1323_1374,0.5415607788214748
1852,2017_1323_1376,0.5825511954725695
1853,2017_1323_1388,0.5825511954725695
1854,2017_1323_1407,0.8410786553610982
1855,2017_1323_1411,0.862107237487529
1856,2017_1323_1413,0.862107237487529
1857,2017_1323_1417,0.41744880452743055
1858,2017_1323_1423,0.7624924243482772
1859,2017_1323_1425,0.7310124654712955
1860,2017_1323_1433,0.6970180120800978
1861,2017_1323_1435,0.6607213206897565
1862,2017_1323_1436,0.7913398437353962
1863,2017_1323_1437,0.33927867931024347
1864,2017_1323_1438,0.5
1865,2017_1323_1439,0.6607213206897565
1866,2017_1323_1448,0.7310124654712955
1867,2017_1323_1452,0.4584392211785253
1868,2017_1323_1455,0.6970180120800978
1869,2017_1323_1457,0.7913398437353962
1870,2017_1323_1458,0.6224317735360779
1871,2017_1323_1462,0.7310124654712955
1872,2017_1329_1332,0.23750757565172284
1873,2017_1329_1343,0.5825511954725695
1874,2017_1329_1344,0.5415607788214748
1875,2017_1329_1345,0.2689875345287045
1876,2017_1329_1348,0.5415607788214748
1877,2017_1329_1355,0.7310124654712955
1878,2017_1329_1371,0.4584392211785253
1879,2017_1329_1374,0.33927867931024347
1880,2017_1329_1376,0.3775682264639222
1881,2017_1329_1388,0.3775682264639222
1882,2017_1329_1407,0.6970180120800978
1883,2017_1329_1411,0.7310124654712955
1884,2017_1329_1413,0.7310124654712955
1885,2017_1329_1417,0.23750757565172284
1886,2017_1329_1423,0.5825511954725695
1887,2017_1329_1425,0.5415607788214748
1888,2017_1329_1433,0.5
1889,2017_1329_1435,0.4584392211785253
1890,2017_1329_1436,0.6224317735360779
1891,2017_1329_1437,0.1824779978060976
1892,2017_1329_1438,0.3029819879199023
1893,2017_1329_1439,0.4584392211785253
1894,2017_1329_1448,0.5415607788214748
1895,2017_1329_1452,0.2689875345287045
1896,2017_1329_1455,0.5
1897,2017_1329_1457,0.6224317735360779
1898,2017_1329_1458,0.41744880452743055
1899,2017_1329_1462,0.5415607788214748
1900,2017_1332_1343,0.8175220021939025
1901,2017_1332_1344,0.7913398437353962
1902,2017_1332_1345,0.5415607788214748
1903,2017_1332_1348,0.7913398437353962
1904,2017_1332_1355,0.89716910520253
1905,2017_1332_1371,0.7310124654712955
1906,2017_1332_1374,0.6224317735360779
1907,2017_1332_1376,0.6607213206897565
1908,2017_1332_1388,0.6607213206897565
1909,2017_1332_1407,0.8807478216764935
1910,2017_1332_1411,0.89716910520253
1911,2017_1332_1413,0.89716910520253
1912,2017_1332_1417,0.5
1913,2017_1332_1423,0.8175220021939025
1914,2017_1332_1425,0.7913398437353962
1915,2017_1332_1433,0.7624924243482772
1916,2017_1332_1435,0.7310124654712955
1917,2017_1332_1436,0.8410786553610982
1918,2017_1332_1437,0.41744880452743055
1919,2017_1332_1438,0.5825511954725695
1920,2017_1332_1439,0.7310124654712955
1921,2017_1332_1448,0.7913398437353962
1922,2017_1332_1452,0.5415607788214748
1923,2017_1332_1455,0.7624924243482772
1924,2017_1332_1457,0.8410786553610982
1925,2017_1332_1458,0.6970180120800978
1926,2017_1332_1462,0.7913398437353962
1927,2017_1343_1344,0.4584392211785253
1928,2017_1343_1345,0.20866015626460388
1929,2017_1343_1348,0.4584392211785253
1930,2017_1343_1355,0.6607213206897565
1931,2017_1343_1371,0.3775682264639222
1932,2017_1343_1374,0.2689875345287045
1933,2017_1343_1376,0.3029819879199023
1934,2017_1343_1388,0.3029819879199023
1935,2017_1343_1407,0.6224317735360779
1936,2017_1343_1411,0.6607213206897565
1937,2017_1343_1413,0.6607213206897565
1938,2017_1343_1417,0.1824779978060976
1939,2017_1343_1423,0.5
1940,2017_1343_1425,0.4584392211785253
1941,2017_1343_1433,0.41744880452743055
1942,2017_1343_1435,0.3775682264639222
1943,2017_1343_1436,0.5415607788214748
1944,2017_1343_1437,0.13789276251247098
1945,2017_1343_1438,0.23750757565172284
1946,2017_1343_1439,0.3775682264639222
1947,2017_1343_1448,0.4584392211785253
1948,2017_1343_1452,0.20866015626460388
1949,2017_1343_1455,0.41744880452743055
1950,2017_1343_1457,0.5415607788214748
1951,2017_1343_1458,0.33927867931024347
1952,2017_1343_1462,0.4584392211785253
1953,2017_1344_1345,0.23750757565172284
1954,2017_1344_1348,0.5
1955,2017_1344_1355,0.6970180120800978
1956,2017_1344_1371,0.41744880452743055
1957,2017_1344_1374,0.3029819879199023
1958,2017_1344_1376,0.33927867931024347
1959,2017_1344_1388,0.33927867931024347
1960,2017_1344_1407,0.6607213206897565
1961,2017_1344_1411,0.6970180120800978
1962,2017_1344_1413,0.6970180120800978
1963,2017_1344_1417,0.20866015626460388
1964,2017_1344_1423,0.5415607788214748
1965,2017_1344_1425,0.5
1966,2017_1344_1433,0.4584392211785253
1967,2017_1344_1435,0.41744880452743055
1968,2017_1344_1436,0.5825511954725695
1969,2017_1344_1437,0.15892134463890192
1970,2017_1344_1438,0.2689875345287045
1971,2017_1344_1439,0.41744880452743055
1972,2017_1344_1448,0.5
1973,2017_1344_1452,0.23750757565172284
1974,2017_1344_1455,0.4584392211785253
1975,2017_1344_1457,0.5825511954725695
1976,2017_1344_1458,0.3775682264639222
1977,2017_1344_1462,0.5
1978,2017_1345_1348,0.7624924243482772
1979,2017_1345_1355,0.8807478216764935
1980,2017_1345_1371,0.6970180120800978
1981,2017_1345_1374,0.5825511954725695
1982,2017_1345_1376,0.6224317735360779
1983,2017_1345_1388,0.6224317735360779
1984,2017_1345_1407,0.862107237487529
1985,2017_1345_1411,0.8807478216764935
1986,2017_1345_1413,0.8807478216764935
1987,2017_1345_1417,0.4584392211785253
1988,2017_1345_1423,0.7913398437353962
1989,2017_1345_1425,0.7624924243482772
1990,2017_1345_1433,0.7310124654712955
1991,2017_1345_1435,0.6970180120800978
1992,2017_1345_1436,0.8175220021939025
1993,2017_1345_1437,0.3775682264639222
1994,2017_1345_1438,0.5415607788214748
1995,2017_1345_1439,0.6970180120800978
1996,2017_1345_1448,0.7624924243482772
1997,2017_1345_1452,0.5
1998,2017_1345_1455,0.7310124654712955
1999,2017_1345_1457,0.8175220021939025
2000,2017_1345_1458,0.6607213206897565
2001,2017_1345_1462,0.7624924243482772
2002,2017_1348_1355,0.6970180120800978
2003,2017_1348_1371,0.41744880452743055
2004,2017_1348_1374,0.3029819879199023
2005,2017_1348_1376,0.33927867931024347
2006,2017_1348_1388,0.33927867931024347
2007,2017_1348_1407,0.6607213206897565
2008,2017_1348_1411,0.6970180120800978
2009,2017_1348_1413,0.6970180120800978
2010,2017_1348_1417,0.20866015626460388
2011,2017_1348_1423,0.5415607788214748
2012,2017_1348_1425,0.5
2013,2017_1348_1433,0.4584392211785253
2014,2017_1348_1435,0.41744880452743055
2015,2017_1348_1436,0.5825511954725695
2016,2017_1348_1437,0.15892134463890192
2017,2017_1348_1438,0.2689875345287045
2018,2017_1348_1439,0.41744880452743055
2019,2017_1348_1448,0.5
2020,2017_1348_1452,0.23750757565172284
2021,2017_1348_1455,0.4584392211785253
2022,2017_1348_1457,0.5825511954725695
2023,2017_1348_1458,0.3775682264639222
2024,2017_1348_1462,0.5
2025,2017_1355_1371,0.23750757565172284
2026,2017_1355_1374,0.15892134463890192
2027,2017_1355_1376,0.1824779978060976
2028,2017_1355_1388,0.1824779978060976
2029,2017_1355_1407,0.4584392211785253
2030,2017_1355_1411,0.5
2031,2017_1355_1413,0.5
2032,2017_1355_1417,0.10283089479747004
2033,2017_1355_1423,0.33927867931024347
2034,2017_1355_1425,0.3029819879199023
2035,2017_1355_1433,0.2689875345287045
2036,2017_1355_1435,0.23750757565172284
2037,2017_1355_1436,0.3775682264639222
2038,2017_1355_1437,0.07589929314909903
2039,2017_1355_1438,0.13789276251247098
2040,2017_1355_1439,0.23750757565172284
2041,2017_1355_1448,0.3029819879199023
2042,2017_1355_1452,0.11925217832350651
2043,2017_1355_1455,0.2689875345287045
2044,2017_1355_1457,0.3775682264639222
2045,2017_1355_1458,0.20866015626460388
2046,2017_1355_1462,0.3029819879199023
2047,2017_1371_1374,0.3775682264639222
2048,2017_1371_1376,0.41744880452743055
2049,2017_1371_1388,0.41744880452743055
2050,2017_1371_1407,0.7310124654712955
2051,2017_1371_1411,0.7624924243482772
2052,2017_1371_1413,0.7624924243482772
2053,2017_1371_1417,0.2689875345287045
2054,2017_1371_1423,0.6224317735360779
2055,2017_1371_1425,0.5825511954725695
2056,2017_1371_1433,0.5415607788214748
2057,2017_1371_1435,0.5
2058,2017_1371_1436,0.6607213206897565
2059,2017_1371_1437,0.20866015626460388
2060,2017_1371_1438,0.33927867931024347
2061,2017_1371_1439,0.5
2062,2017_1371_1448,0.5825511954725695
2063,2017_1371_1452,0.3029819879199023
2064,2017_1371_1455,0.5415607788214748
2065,2017_1371_1457,0.6607213206897565
2066,2017_1371_1458,0.4584392211785253
2067,2017_1371_1462,0.5825511954725695
2068,2017_1374_1376,0.5415607788214748
2069,2017_1374_1388,0.5415607788214748
2070,2017_1374_1407,0.8175220021939025
2071,2017_1374_1411,0.8410786553610982
2072,2017_1374_1413,0.8410786553610982
2073,2017_1374_1417,0.3775682264639222
2074,2017_1374_1423,0.7310124654712955
2075,2017_1374_1425,0.6970180120800978
2076,2017_1374_1433,0.6607213206897565
2077,2017_1374_1435,0.6224317735360779
2078,2017_1374_1436,0.7624924243482772
2079,2017_1374_1437,0.3029819879199023
2080,2017_1374_1438,0.4584392211785253
2081,2017_1374_1439,0.6224317735360779
2082,2017_1374_1448,0.6970180120800978
2083,2017_1374_1452,0.41744880452743055
2084,2017_1374_1455,0.6607213206897565
2085,2017_1374_1457,0.7624924243482772
2086,2017_1374_1458,0.5825511954725695
2087,2017_1374_1462,0.6970180120800978
2088,2017_1376_1388,0.5
2089,2017_1376_1407,0.7913398437353962
2090,2017_1376_1411,0.8175220021939025
2091,2017_1376_1413,0.8175220021939025
2092,2017_1376_1417,0.33927867931024347
2093,2017_1376_1423,0.6970180120800978
2094,2017_1376_1425,0.6607213206897565
2095,2017_1376_1433,0.6224317735360779
2096,2017_1376_1435,0.5825511954725695
2097,2017_1376_1436,0.7310124654712955
2098,2017_1376_1437,0.2689875345287045
2099,2017_1376_1438,0.41744880452743055
2100,2017_1376_1439,0.5825511954725695
2101,2017_1376_1448,0.6607213206897565
2102,2017_1376_1452,0.3775682264639222
2103,2017_1376_1455,0.6224317735360779
2104,2017_1376_1457,0.7310124654712955
2105,2017_1376_1458,0.5415607788214748
2106,2017_1376_1462,0.6607213206897565
2107,2017_1388_1407,0.7913398437353962
2108,2017_1388_1411,0.8175220021939025
2109,2017_1388_1413,0.8175220021939025
2110,2017_1388_1417,0.33927867931024347
2111,2017_1388_1423,0.6970180120800978
2112,2017_1388_1425,0.6607213206897565
2113,2017_1388_1433,0.6224317735360779
2114,2017_1388_1435,0.5825511954725695
2115,2017_1388_1436,0.7310124654712955
2116,2017_1388_1437,0.2689875345287045
2117,2017_1388_1438,0.41744880452743055
2118,2017_1388_1439,0.5825511954725695
2119,2017_1388_1448,0.6607213206897565
2120,2017_1388_1452,0.3775682264639222
2121,2017_1388_1455,0.6224317735360779
2122,2017_1388_1457,0.7310124654712955
2123,2017_1388_1458,0.5415607788214748
2124,2017_1388_1462,0.6607213206897565
2125,2017_1407_1411,0.5415607788214748
2126,2017_1407_1413,0.5415607788214748
2127,2017_1407_1417,0.11925217832350651
2128,2017_1407_1423,0.3775682264639222
2129,2017_1407_1425,0.33927867931024347
2130,2017_1407_1433,0.3029819879199023
2131,2017_1407_1435,0.2689875345287045
2132,2017_1407_1436,0.41744880452743055
2133,2017_1407_1437,0.08844378559857284
2134,2017_1407_1438,0.15892134463890192
2135,2017_1407_1439,0.2689875345287045
2136,2017_1407_1448,0.33927867931024347
2137,2017_1407_1452,0.13789276251247098
2138,2017_1407_1455,0.3029819879199023
2139,2017_1407_1457,0.41744880452743055
2140,2017_1407_1458,0.23750757565172284
2141,2017_1407_1462,0.33927867931024347
2142,2017_1411_1413,0.5
2143,2017_1411_1417,0.10283089479747004
2144,2017_1411_1423,0.33927867931024347
2145,2017_1411_1425,0.3029819879199023
2146,2017_1411_1433,0.2689875345287045
2147,2017_1411_1435,0.23750757565172284
2148,2017_1411_1436,0.3775682264639222
2149,2017_1411_1437,0.07589929314909903
2150,2017_1411_1438,0.13789276251247098
2151,2017_1411_1439,0.23750757565172284
2152,2017_1411_1448,0.3029819879199023
2153,2017_1411_1452,0.11925217832350651
2154,2017_1411_1455,0.2689875345287045
2155,2017_1411_1457,0.3775682264639222
2156,2017_1411_1458,0.20866015626460388
2157,2017_1411_1462,0.3029819879199023
2158,2017_1413_1417,0.10283089479747004
2159,2017_1413_1423,0.33927867931024347
2160,2017_1413_1425,0.3029819879199023
2161,2017_1413_1433,0.2689875345287045
2162,2017_1413_1435,0.23750757565172284
2163,2017_1413_1436,0.3775682264639222
2164,2017_1413_1437,0.07589929314909903
2165,2017_1413_1438,0.13789276251247098
2166,2017_1413_1439,0.23750757565172284
2167,2017_1413_1448,0.3029819879199023
2168,2017_1413_1452,0.11925217832350651
2169,2017_1413_1455,0.2689875345287045
2170,2017_1413_1457,0.3775682264639222
2171,2017_1413_1458,0.20866015626460388
2172,2017_1413_1462,0.3029819879199023
2173,2017_1417_1423,0.8175220021939025
2174,2017_1417_1425,0.7913398437353962
2175,2017_1417_1433,0.7624924243482772
2176,2017_1417_1435,0.7310124654712955
2177,2017_1417_1436,0.8410786553610982
2178,2017_1417_1437,0.41744880452743055
2179,2017_1417_1438,0.5825511954725695
2180,2017_1417_1439,0.7310124654712955
2181,2017_1417_1448,0.7913398437353962
2182,2017_1417_1452,0.5415607788214748
2183,2017_1417_1455,0.7624924243482772
2184,2017_1417_1457,0.8410786553610982
2185,2017_1417_1458,0.6970180120800978
2186,2017_1417_1462,0.7913398437353962
2187,2017_1423_1425,0.4584392211785253
2188,2017_1423_1433,0.41744880452743055
2189,2017_1423_1435,0.3775682264639222
2190,2017_1423_1436,0.5415607788214748
2191,2017_1423_1437,0.13789276251247098
2192,2017_1423_1438,0.23750757565172284
2193,2017_1423_1439,0.3775682264639222
2194,2017_1423_1448,0.4584392211785253
2195,2017_1423_1452,0.20866015626460388
2196,2017_1423_1455,0.41744880452743055
2197,2017_1423_1457,0.5415607788214748
2198,2017_1423_1458,0.33927867931024347
2199,2017_1423_1462,0.4584392211785253
2200,2017_1425_1433,0.4584392211785253
2201,2017_1425_1435,0.41744880452743055
2202,2017_1425_1436,0.5825511954725695
2203,2017_1425_1437,0.15892134463890192
2204,2017_1425_1438,0.2689875345287045
2205,2017_1425_1439,0.41744880452743055
2206,2017_1425_1448,0.5
2207,2017_1425_1452,0.23750757565172284
2208,2017_1425_1455,0.4584392211785253
2209,2017_1425_1457,0.5825511954725695
2210,2017_1425_1458,0.3775682264639222
2211,2017_1425_1462,0.5
2212,2017_1433_1435,0.4584392211785253
2213,2017_1433_1436,0.6224317735360779
2214,2017_1433_1437,0.1824779978060976
2215,2017_1433_1438,0.3029819879199023
2216,2017_1433_1439,0.4584392211785253
2217,2017_1433_1448,0.5415607788214748
2218,2017_1433_1452,0.2689875345287045
2219,2017_1433_1455,0.5
2220,2017_1433_1457,0.6224317735360779
2221,2017_1433_1458,0.41744880452743055
2222,2017_1433_1462,0.5415607788214748
2223,2017_1435_1436,0.6607213206897565
2224,2017_1435_1437,0.20866015626460388
2225,2017_1435_1438,0.33927867931024347
2226,2017_1435_1439,0.5
2227,2017_1435_1448,0.5825511954725695
2228,2017_1435_1452,0.3029819879199023
2229,2017_1435_1455,0.5415607788214748
2230,2017_1435_1457,0.6607213206897565
2231,2017_1435_1458,0.4584392211785253
2232,2017_1435_1462,0.5825511954725695
2233,2017_1436_1437,0.11925217832350651
2234,2017_1436_1438,0.20866015626460388
2235,2017_1436_1439,0.33927867931024347
2236,2017_1436_1448,0.41744880452743055
2237,2017_1436_1452,0.1824779978060976
2238,2017_1436_1455,0.3775682264639222
2239,2017_1436_1457,0.5
2240,2017_1436_1458,0.3029819879199023
2241,2017_1436_1462,0.41744880452743055
2242,2017_1437_1438,0.6607213206897565
2243,2017_1437_1439,0.7913398437353962
2244,2017_1437_1448,0.8410786553610982
2245,2017_1437_1452,0.6224317735360779
2246,2017_1437_1455,0.8175220021939025
2247,2017_1437_1457,0.8807478216764935
2248,2017_1437_1458,0.7624924243482772
2249,2017_1437_1462,0.8410786553610982
2250,2017_1438_1439,0.6607213206897565
2251,2017_1438_1448,0.7310124654712955
2252,2017_1438_1452,0.4584392211785253
2253,2017_1438_1455,0.6970180120800978
2254,2017_1438_1457,0.7913398437353962
2255,2017_1438_1458,0.6224317735360779
2256,2017_1438_1462,0.7310124654712955
2257,2017_1439_1448,0.5825511954725695
2258,2017_1439_1452,0.3029819879199023
2259,2017_1439_1455,0.5415607788214748
2260,2017_1439_1457,0.6607213206897565
2261,2017_1439_1458,0.4584392211785253
2262,2017_1439_1462,0.5825511954725695
2263,2017_1448_1452,0.23750757565172284
2264,2017_1448_1455,0.4584392211785253
2265,2017_1448_1457,0.5825511954725695
2266,2017_1448_1458,0.3775682264639222
2267,2017_1448_1462,0.5
2268,2017_1452_1455,0.7310124654712955
2269,2017_1452_1457,0.8175220021939025
2270,2017_1452_1458,0.6607213206897565
2271,2017_1452_1462,0.7624924243482772
2272,2017_1455_1457,0.6224317735360779
2273,2017_1455_1458,0.41744880452743055
2274,2017_1455_1462,0.5415607788214748
2275,2017_1457_1458,0.3029819879199023
2276,2017_1457_1462,0.41744880452743055
2277,2017_1458_1462,0.6224317735360779
